Test Trajectory,Learner Trajectory
19_24_348_347_83_77_75_310_237_233_234_200_208_145_146_148_227_151_152_154_4,19_24_349_314_347_83_77_75_310_237_233_234_200_208_145_146_148_227_151_152_154_4
48_45_43_37_39_75_310_237_233_234_200_208_145_146_148_227_151_152_154_4,48_45_42_47_355_20_23_73_22_329_88_0_366_351_248_30_237_233_234_200_208_145_146_148_227_151_152_154_4
52_360_0_366_351_248_30_237_233_234_200_208_145_146_148_227_151_152_154_4,52_360_0_366_351_248_30_237_233_234_200_208_145_146_148_227_151_152_154_4
75_310_237_233_234_200_208_145_146_148_227_151_152_154_4,75_310_237_233_234_200_208_145_146_148_227_151_152_154_4
77_75_310_237_233_234_200_208_145_146_148_227_151_152_154_4,77_75_310_237_233_234_200_208_145_146_148_227_151_152_154_4
85_314_347_83_77_75_310_237_233_234_200_208_145_146_148_227_151_152_154_4,85_314_347_83_77_75_310_237_233_234_200_208_145_146_148_227_151_152_154_4
91_85_314_347_83_77_75_310_237_233_234_200_208_145_146_148_227_151_152_154_4,91_85_314_347_83_77_75_310_237_233_234_200_208_145_146_148_227_151_152_154_4
93_77_75_310_237_233_234_200_208_145_146_148_227_151_152_154_4,93_77_75_310_237_233_234_200_208_145_146_148_227_151_152_154_4
94_310_237_233_234_200_208_145_146_148_227_151_152_154_4,94_310_237_233_234_200_208_145_146_148_227_151_152_154_4
280_397_385_91_85_314_347_83_77_75_310_237_233_234_200_208_145_146_148_227_151_152_154_4,280_397_385_91_85_314_347_83_77_75_310_237_233_234_200_208_145_146_148_227_151_152_154_4
280_397_385_91_85_314_347_83_77_75_310_237_233_234_200_208_145_146_148_227_151_152_154_4,280_397_385_91_85_314_347_83_77_75_310_237_233_234_200_208_145_146_148_227_151_152_154_4
280_397_385_91_85_314_347_83_77_75_310_237_233_234_200_208_145_146_148_227_151_152_154_4,280_397_385_91_85_314_347_83_77_75_310_237_233_234_200_208_145_146_148_227_151_152_154_4
283_21_85_314_347_83_77_75_310_237_233_234_200_208_145_146_148_227_151_152_154_4,283_22_329_88_0_366_351_248_30_237_233_234_200_208_145_146_148_227_151_152_154_4
283_21_85_314_347_83_77_75_310_237_233_234_200_208_145_146_148_227_151_152_154_4,283_22_329_88_0_366_351_248_30_237_233_234_200_208_145_146_148_227_151_152_154_4
324_326_280_397_385_91_85_314_347_83_77_75_310_237_233_234_200_208_145_146_148_227_151_152_154_4,324_326_280_397_385_91_85_314_347_83_77_75_310_237_233_234_200_208_145_146_148_227_151_152_154_4
324_326_280_397_385_91_85_314_347_83_77_75_310_237_233_234_200_208_145_146_148_227_151_152_154_4,324_326_280_397_385_91_85_314_347_83_77_75_310_237_233_234_200_208_145_146_148_227_151_152_154_4
324_326_280_397_385_91_85_314_347_83_77_75_310_237_233_234_200_208_145_146_148_227_151_152_154_4,324_326_280_397_385_91_85_314_347_83_77_75_310_237_233_234_200_208_145_146_148_227_151_152_154_4
324_326_280_397_385_91_85_314_347_83_77_75_310_237_233_234_200_208_145_146_148_227_151_152_154_4,324_326_280_397_385_91_85_314_347_83_77_75_310_237_233_234_200_208_145_146_148_227_151_152_154_4
324_326_280_397_385_91_85_314_347_83_77_75_310_237_233_234_200_208_145_146_148_227_151_152_154_4,324_326_280_397_385_91_85_314_347_83_77_75_310_237_233_234_200_208_145_146_148_227_151_152_154_4
324_326_280_397_385_91_85_314_347_83_77_75_310_237_233_234_200_208_145_146_148_227_151_152_154_4,324_326_280_397_385_91_85_314_347_83_77_75_310_237_233_234_200_208_145_146_148_227_151_152_154_4
324_326_280_397_385_91_85_314_347_83_77_75_310_237_233_234_200_208_145_146_148_227_151_152_154_4,324_326_280_397_385_91_85_314_347_83_77_75_310_237_233_234_200_208_145_146_148_227_151_152_154_4
324_326_280_397_385_91_85_314_347_83_77_75_310_237_233_234_200_208_145_146_148_227_151_152_154_4,324_326_280_397_385_91_85_314_347_83_77_75_310_237_233_234_200_208_145_146_148_227_151_152_154_4
324_326_280_397_385_91_85_314_347_83_77_75_310_237_233_234_200_208_145_146_148_227_151_152_154_4,324_326_280_397_385_91_85_314_347_83_77_75_310_237_233_234_200_208_145_146_148_227_151_152_154_4
324_326_280_397_385_91_85_314_347_83_77_75_310_237_233_234_200_208_145_146_148_227_151_152_154_4,324_326_280_397_385_91_85_314_347_83_77_75_310_237_233_234_200_208_145_146_148_227_151_152_154_4
324_326_280_397_385_91_85_314_347_83_77_75_310_237_233_234_200_208_145_146_148_227_151_152_154_4,324_326_280_397_385_91_85_314_347_83_77_75_310_237_233_234_200_208_145_146_148_227_151_152_154_4
324_326_280_397_385_91_85_314_347_83_77_75_310_237_233_234_200_208_145_146_148_227_151_152_154_4,324_326_280_397_385_91_85_314_347_83_77_75_310_237_233_234_200_208_145_146_148_227_151_152_154_4
324_326_280_397_385_91_85_314_347_83_77_75_310_237_233_234_200_208_145_146_148_227_151_152_154_4,324_326_280_397_385_91_85_314_347_83_77_75_310_237_233_234_200_208_145_146_148_227_151_152_154_4
324_326_280_397_385_91_85_314_347_83_77_75_310_237_233_234_200_208_145_146_148_227_151_152_154_4,324_326_280_397_385_90_88_0_366_351_248_30_237_233_234_200_208_145_146_148_227_151_152_154_4
324_326_280_397_385_91_85_314_347_83_77_75_310_237_233_234_200_208_145_146_148_227_151_152_154_4,324_326_280_397_385_90_88_0_366_351_248_30_237_233_234_200_208_145_146_148_227_151_152_154_4
324_326_280_397_385_91_85_314_347_83_77_75_310_237_233_234_200_208_145_146_148_227_151_152_154_4,324_326_280_397_385_90_88_0_366_351_248_30_237_233_234_200_208_145_146_148_227_151_152_154_4
324_326_280_397_385_91_85_314_347_83_77_75_310_237_233_234_200_208_145_146_148_227_151_152_154_4,324_326_280_397_385_90_88_0_366_351_248_30_237_233_234_200_208_145_146_148_227_151_152_154_4
324_326_280_397_385_91_85_314_347_83_77_75_310_237_233_234_200_208_145_146_148_227_151_152_154_4,324_326_280_397_385_90_88_0_366_351_248_30_237_233_234_200_208_145_146_148_227_151_152_154_4
324_326_280_397_385_91_85_314_347_83_77_75_310_237_233_234_200_208_145_146_148_227_151_152_154_4,324_326_280_397_385_90_88_0_366_351_248_30_237_233_234_200_208_145_146_148_227_151_152_154_4
324_326_280_397_385_91_85_314_347_83_77_75_310_237_233_234_200_208_145_146_148_227_151_152_154_4,324_326_280_397_385_90_88_0_366_351_248_30_237_233_234_200_208_145_146_148_227_151_152_154_4
324_326_280_397_385_91_85_314_347_83_77_75_310_237_233_234_200_208_145_146_148_227_151_152_154_4,324_326_280_397_385_90_88_0_366_351_248_30_237_233_234_200_208_145_146_148_227_151_152_154_4
324_326_280_397_385_91_85_314_347_83_77_75_310_237_233_234_200_208_145_146_148_227_151_152_154_4,324_326_280_397_385_90_88_0_366_351_248_30_237_233_234_200_208_145_146_148_227_151_152_154_4
324_326_280_397_385_91_85_314_347_83_77_75_310_237_233_234_200_208_145_146_148_227_151_152_154_4,324_326_280_397_385_90_88_0_366_351_248_30_237_233_234_200_208_145_146_148_227_151_152_154_4
324_326_280_397_385_91_85_314_347_83_77_75_310_237_233_234_200_208_145_146_148_227_151_152_154_4,324_326_280_397_385_91_85_314_347_83_77_75_310_237_233_234_200_208_145_146_148_227_151_152_154_4
324_326_280_397_385_91_85_314_347_83_77_75_310_237_233_234_200_208_145_146_148_227_151_152_154_4,324_326_280_397_385_91_85_314_347_83_77_75_310_237_233_234_200_208_145_146_148_227_151_152_154_4
324_326_280_397_385_91_85_314_347_83_77_75_310_237_233_234_200_208_145_146_148_227_151_152_154_4,324_326_280_397_385_91_85_314_347_83_77_75_310_237_233_234_200_208_145_146_148_227_151_152_154_4
324_326_280_397_385_91_85_314_347_83_77_75_310_237_233_234_200_208_145_146_148_227_151_152_154_4,324_326_280_397_385_91_85_314_347_83_77_75_310_237_233_234_200_208_145_146_148_227_151_152_154_4
324_326_280_397_385_91_85_314_347_83_77_75_310_237_233_234_200_208_145_146_148_227_151_152_154_4,324_326_280_397_385_91_85_314_347_83_77_75_310_237_233_234_200_208_145_146_148_227_151_152_154_4
324_326_280_397_385_91_85_314_347_83_77_75_310_237_233_234_200_208_145_146_148_227_151_152_154_4,324_326_280_397_385_91_85_314_347_83_77_75_310_237_233_234_200_208_145_146_148_227_151_152_154_4
324_326_280_397_385_91_85_314_347_83_77_75_310_237_233_234_200_208_145_146_148_227_151_152_154_4,324_326_280_397_385_91_85_314_347_83_77_75_310_237_233_234_200_208_145_146_148_227_151_152_154_4
324_326_280_397_385_91_85_314_347_83_77_75_310_237_233_234_200_208_145_146_148_227_151_152_154_4,324_326_280_397_385_91_85_314_347_83_77_75_310_237_233_234_200_208_145_146_148_227_151_152_154_4
324_326_280_397_385_91_85_314_347_83_77_75_310_237_233_234_200_208_145_146_148_227_151_152_154_4,324_326_280_397_385_91_85_314_347_83_77_75_310_237_233_234_200_208_145_146_148_227_151_152_154_4
324_326_280_397_385_91_85_314_347_83_77_75_310_237_233_234_200_208_145_146_148_227_151_152_154_4,324_326_280_397_385_91_85_314_347_83_77_75_310_237_233_234_200_208_145_146_148_227_151_152_154_4
324_326_280_397_385_91_85_314_347_83_77_75_310_237_233_234_200_208_145_146_148_227_151_152_154_4,324_326_280_397_385_91_85_314_347_83_77_75_310_237_233_234_200_208_145_146_148_227_151_152_154_4
324_326_280_397_385_91_85_314_347_83_77_75_310_237_233_234_200_208_145_146_148_227_151_152_154_4,324_326_280_397_385_91_85_314_347_83_77_75_310_237_233_234_200_208_145_146_148_227_151_152_154_4
324_326_280_397_385_91_85_314_347_83_77_75_310_237_233_234_200_208_145_146_148_227_151_152_154_4,324_326_280_397_385_91_85_314_347_83_77_75_310_237_233_234_200_208_145_146_148_227_151_152_154_4
324_326_280_397_385_91_85_314_347_83_77_75_310_237_233_234_200_208_145_146_148_227_151_152_154_4,324_326_280_397_385_91_85_314_347_83_77_75_310_237_233_234_200_208_145_146_148_227_151_152_154_4
324_326_280_397_385_91_85_314_347_83_77_75_310_237_233_234_200_208_145_146_148_227_151_152_154_4,324_326_280_397_385_91_85_314_347_83_77_75_310_237_233_234_200_208_145_146_148_227_151_152_154_4
324_326_280_397_385_91_85_314_347_83_77_75_310_237_233_234_200_208_145_146_148_227_151_152_154_4,324_326_280_397_385_91_85_314_347_83_77_75_310_237_233_234_200_208_145_146_148_227_151_152_154_4
324_326_280_397_385_91_85_314_347_83_77_75_310_237_233_234_200_208_145_146_148_227_151_152_154_4,324_326_280_397_385_91_85_314_347_83_77_75_310_237_233_234_200_208_145_146_148_227_151_152_154_4
324_326_280_397_385_91_85_314_347_83_77_75_310_237_233_234_200_208_145_146_148_227_151_152_154_4,324_326_280_397_385_91_85_314_347_83_77_75_310_237_233_234_200_208_145_146_148_227_151_152_154_4
324_326_280_397_385_91_85_314_347_83_77_75_310_237_233_234_200_208_145_146_148_227_151_152_154_4,324_326_280_397_385_91_85_314_347_83_77_75_310_237_233_234_200_208_145_146_148_227_151_152_154_4
324_326_280_397_385_91_85_314_347_83_77_75_310_237_233_234_200_208_145_146_148_227_151_152_154_4,324_326_280_397_385_91_85_314_347_83_77_75_310_237_233_234_200_208_145_146_148_227_151_152_154_4
324_326_280_397_385_91_85_314_347_83_77_75_310_237_233_234_200_208_145_146_148_227_151_152_154_4,324_326_280_397_385_91_85_314_347_83_77_75_310_237_233_234_200_208_145_146_148_227_151_152_154_4
324_326_280_397_385_91_85_314_347_83_77_75_310_237_233_234_200_208_145_146_148_227_151_152_154_4,324_326_280_397_385_91_85_314_347_83_77_75_310_237_233_234_200_208_145_146_148_227_151_152_154_4
324_326_280_397_385_91_85_314_347_83_77_75_310_237_233_234_200_208_145_146_148_227_151_152_154_4,324_326_280_397_385_91_85_314_347_83_77_75_310_237_233_234_200_208_145_146_148_227_151_152_154_4
324_326_280_397_385_91_85_314_347_83_77_75_310_237_233_234_200_208_145_146_148_227_151_152_154_4,324_326_280_397_385_91_85_314_347_83_77_75_310_237_233_234_200_208_145_146_148_227_151_152_154_4
324_326_280_397_385_91_85_314_347_83_77_75_310_237_233_234_200_208_145_146_148_227_151_152_154_4,324_326_280_397_385_90_88_0_366_351_248_30_237_233_234_200_208_145_146_148_227_151_152_154_4
345_169_369_168_374_156_157_176_177_188_146_148_227_151_152_154_4,345_169_369_168_374_156_157_176_177_188_147_0_366_351_248_30_237_233_234_200_208_145_146_148_227_151_152_154_4
395_7_340_27_72_409_365_362_358_380_379_38_36_248_30_237_233_234_200_208_145_146_148_227_151_152_154_4,395_7_341_7_341_7_341_7_341_7_341_7_341_7_341_7_341_7_341_7_341_7_341_7_341_7_341_7_341_7_341_7_341_7_341_7_341_7_341_7_341_7_341_7_341_7_341_7_341_7_341
40_49_364_46_41_378_381_352_1_127_408_71_26_341_8,40_49_364_46_41_377_41_377_41_377_41_377_41_377_41_377_41_377_41_377_41_377_41_377_41_377_41_377_41_377_41_377_41_377_41_377_41_377_41_377_41_377_41_377_41_377_41_377_41_377_41
78_49_364_46_41_378_381_352_1_127_408_71_26_341_8,78_49_364_46_41_377_41_377_41_377_41_377_41_377_41_377_41_377_41_377_41_377_41_377_41_377_41_377_41_377_41_377_41_377_41_377_41_377_41_377_41_377_41_377_41_377_41_377_41_377_41
91_85_314_347_83_78_49_364_46_41_378_381_352_1_127_408_71_26_341_8,91_85_314_347_83_78_49_364_46_41_377_41_377_41_377_41_377_41_377_41_377_41_377_41_377_41_377_41_377_41_377_41_377_41_377_41_377_41_377_41_377_41_377_41_377_41_377_41_377_41_377
93_78_49_364_46_41_378_381_352_1_127_408_71_26_341_8,93_78_49_364_46_41_378_381_352_1_127_408_71_26_340_26_340_26_340_26_340_26_340_26_340_26_340_26_340_26_340_26_340_26_340_26_340_26_340_26_340_26_340_26_340_26_340_26_340_26_340
93_78_49_364_46_41_378_381_352_1_127_408_71_26_341_8,93_78_49_364_46_41_377_41_377_41_377_41_377_41_377_41_377_41_377_41_377_41_377_41_377_41_377_41_377_41_377_41_377_41_377_41_377_41_377_41_377_41_377_41_377_41_377_41_377_41_377
93_78_49_364_46_41_378_381_352_1_127_408_71_26_341_8,93_78_49_364_46_41_378_381_352_1_127_408_71_26_341_7_341_7_341_7_341_7_341_7_341_7_341_7_341_7_341_7_341_7_341_7_341_7_341_7_341_7_341_7_341_7_341_7_341_7_341
283_21_85_314_347_83_78_49_364_46_41_378_381_352_1_127_408_71_26_341_8,283_21_85_314_347_83_78_49_364_46_41_378_381_352_1_127_408_71_26_340_26_340_26_340_26_340_26_340_26_340_26_340_26_340_26_340_26_340_26_340_26_340_26_340_26_340_26_340_26_340_26
324_326_280_397_385_91_85_314_347_83_78_49_364_46_41_378_381_352_1_127_408_71_26_341_8,324_326_280_397_385_91_85_314_347_83_78_49_364_46_41_377_41_377_41_377_41_377_41_377_41_377_41_377_41_377_41_377_41_377_41_377_41_377_41_377_41_377_41_377_41_377_41_377_41_377_41
324_326_280_397_385_91_85_314_347_83_78_49_364_46_41_378_381_352_1_127_408_71_26_341_8,324_326_280_397_385_91_85_314_347_83_78_49_364_46_41_377_41_377_41_377_41_377_41_377_41_377_41_377_41_377_41_377_41_377_41_377_41_377_41_377_41_377_41_377_41_377_41_377_41_377_41
400_286_235_246_34_33_31_357_40_49_364_46_41_378_381_352_1_127_408_71_26_341_8,400_286_235_245_239_241_242_18_59_7_340_27_72_408_71_27_72_408_71_27_72_408_71_27_72_408_71_27_72_408_71_27_72_408_71_27_72_408_71_27_72_408_71_27_72_408_71_27_72_408_71
345_169_369_168_374_156_157_176_177_189_190_211_202_235_246_34_33_31_357_40_50_20_23_73_22,345_169_369_168_374_156_157_176_177_189_190_211_202_235_246_34_33_31_357_40_50_20_23_73_22
367_400_286_235_246_34_33_31_357_40_50_20_23_73_22,367_400_286_235_246_34_33_31_357_40_50_20_23_73_22
149_176_177_189_190_211_202_235_246_34_33_31_357_40_50_20_23,149_176_177_189_190_211_202_235_246_34_33_31_357_40_50_20_23
169_369_168_374_156_157_176_177_189_190_211_202_235_246_34_33_31_357_40_50_20_23,169_369_168_374_156_157_176_177_189_190_211_202_235_246_34_33_31_357_40_50_20_23
176_177_189_190_211_202_235_246_34_33_31_357_40_50_20_23,176_177_189_190_211_202_235_246_34_33_31_357_40_50_20_23
347_83_77_75_310_237_233_235_246_34_33_31_357_40_50_20_23,347_83_77_75_309_357_40_50_20_23
324_326_280_397_385_91_85_314_347_83_77_75_310_237_232_32,324_326_280_397_385_90_88_0_366_351_248_30_237_233_235_245_239_240_0_366_351_248_30_237_233_235_245_239_240_0_366_351_248_30_237_233_235_245_239_240_0_366_351_248_30_237_233_235_245_239_240
324_326_280_397_385_91_85_314_347_83_77_75_310_237_232_32,324_326_280_397_385_90_88_0_366_351_248_30_236_375_233_235_246_34_32
345_169_369_168_374_156_157_176_177_189_190_211_202_235_246_34_32,345_169_369_168_374_156_157_176_177_189_190_211_202_235_246_34_32
345_169_369_168_374_156_157_176_177_189_190_211_202_235_246_34_32,345_169_369_168_374_156_157_176_177_189_190_211_202_235_246_34_32
390_344_168_374_156_157_176_177_189_190_211_202_235_246_34_32,390_344_168_374_156_157_176_177_189_190_211_202_235_245_239_240_0_366_351_248_30_237_233_235_245_239_240_0_366_351_248_30_237_233_235_245_239_240_0_366_351_248_30_237_233_235_245_239_240_0_366
390_344_168_374_156_157_176_177_189_190_211_202_235_246_34_32,390_344_168_374_156_157_176_177_189_190_211_202_235_245_239_240_0_366_351_248_30_237_233_235_245_239_240_0_366_351_248_30_237_233_235_245_239_240_0_366_351_248_30_237_233_235_245_239_240_0_366
326_280_397_385_91_85_314_347_83_77_75_310_237_233_234_200_208_145_146_148_227_151_152_153_156_157_176_177_189_190_211_202_235_246_34_33,326_280_397_385_90_88_0_366_351_248_30_237_233_235_245_239_240_0_366_351_248_30_237_233_235_245_239_240_0_366_351_248_30_237_233_235_245_239_240_0_366_351_248_30_237_233_235_245_239_240_0
390_344_168_374_156_157_176_177_189_190_211_202_235_246_34,390_344_168_374_156_157_176_177_189_190_211_202_235_245_239_240_0_366_351_248_30_237_233_235_245_239_240_0_366_351_248_30_237_233_235_245_239_240_0_366_351_248_30_237_233_235_245_239_240_0_366
156_157_176_177_189_190_211_202_235_246_34_33_31_357_40_49_364_48_44_51,156_157_176_177_189_190_211_202_235_246_34_33_31_356_35_338_362_358_380_377_42_46_42_46_42_46_42_46_42_46_42_46_42_46_42_46_42_46_42_46_42_46_42_46_42_46_42_46_42_46_42
176_177_189_190_211_202_235_246_34_33_31_357_40_49_364_48_44_51,176_177_189_190_211_202_235_246_34_33_31_356_35_338_362_358_380_377_42_46_42_46_42_46_42_46_42_46_42_46_42_46_42_46_42_46_42_46_42_46_42_46_42_46_42_46_42_46_42_46_42
176_177_189_190_211_202_235_246_34_33_31_357_40_49_364_48_44_51,176_177_189_190_211_202_235_246_34_33_31_356_35_338_362_358_380_377_42_46_42_46_42_46_42_46_42_46_42_46_42_46_42_46_42_46_42_46_42_46_42_46_42_46_42_46_42_46_42_46_42
189_190_211_202_235_246_34_33_31_357_40_49_364_48_44_51,189_190_211_202_235_246_34_33_31_356_35_338_362_358_380_377_42_46_42_46_42_46_42_46_42_46_42_46_42_46_42_46_42_46_42_46_42_46_42_46_42_46_42_46_42_46_42_46_42_46_42
324_326_280_397_385_91_85_314_347_83_78_49_364_48_44_51,324_326_280_397_385_91_85_314_347_83_76_79_81_117_301_382_275_273_372_306_0_365_361_352_1_127_408_72_409_365_361_352_1_127_408_72_409_365_361_352_1_127_408_72_409_365_361_352_1_127_408
324_326_280_397_385_91_85_314_347_83_77_75_309_356_35_338_361_353_51,324_326_280_397_385_91_85_314_347_83_76_79_81_117_301_382_275_273_372_306_0_365_361_352_1_127_408_72_409_365_361_352_1_127_408_72_409_365_361_352_1_127_408_72_409_365_361_352_1_127_408
345_169_369_168_374_156_157_176_177_189_190_211_202_235_246_34_33_31_357_40_49_364_48_44_51,345_169_369_168_374_156_157_176_177_189_190_211_202_235_246_34_33_31_356_35_338_362_358_380_377_42_46_42_46_42_46_42_46_42_46_42_46_42_46_42_46_42_46_42_46_42_46_42_46_42_46
345_169_369_168_374_156_157_176_177_189_190_211_202_235_246_34_33_31_356_35_338_361_353_51,345_169_369_168_374_156_157_176_177_189_190_211_202_235_246_34_33_31_357_40_49_364_48_44_51
345_169_369_168_374_156_157_176_177_189_190_211_202_235_246_34_33_31_357_40_49_364_48_44_51,345_169_369_168_374_156_157_176_177_189_190_211_202_235_246_34_33_31_357_40_49_364_48_44_51
345_169_369_168_374_156_157_176_177_189_190_211_202_235_246_34_33_31_357_40_49_364_48_44_51,345_169_369_168_374_156_157_176_177_189_190_211_202_235_246_34_33_31_356_36_248_31_356_36_248_31_356_36_248_31_356_36_248_31_356_36_248_31_356_36_248_31_356_36_248_31_356_36_248_31_356
390_344_168_374_156_157_176_177_189_190_211_202_235_246_34_33_31_357_40_49_364_48_44_51,390_344_168_374_156_157_176_177_189_190_211_202_235_246_34_33_31_356_35_338_362_358_380_377_42_46_42_46_42_46_42_46_42_46_42_46_42_46_42_46_42_46_42_46_42_46_42_46_42_46_42
248_31_357_40_49_364_46_43_38_36_247_354_56_10_59_6_66,248_30_237_232_33_30_237_232_33_30_237_232_33_30_237_232_33_30_237_232_33_30_237_232_33_30_237_232_33_30_237_232_33_30_237_232_33_30_237_232_33_30_237_232_33_30_237_232_33_30_237
324_326_280_397_385_91_85_314_347_83_78_49_364_46_41_378_381_352_1_127_408_71,324_326_280_397_385_91_85_314_347_83_78_49_364_46_41_378_380_378_380_378_380_378_380_378_380_378_380_378_380_378_380_378_380_378_380_378_380_378_380_378_380_378_380_378_380_378_380_378_380_378_380
367_400_286_235_246_34_33_31_357_40_49_364_46_41_378_381_352_1_127_408_71,367_400_286_234_200_208_144_211_202_235_246_34_33_30_237_233_234_200_208_144_211_202_235_246_34_33_30_237_233_234_200_208_144_211_202_235_246_34_33_30_237_233_234_200_208_144_211_202_235_246_34
345_169_369_168_374_156_157_176_177_189_190_211_202_235_246_34_33_31_357_40_50_20_23_73,345_169_369_168_374_156_157_176_177_189_190_211_202_235_246_34_33_31_357_40_50_20_23_73
345_169_369_168_374_156_157_176_177_189_190_211_202_235_246_34_33_31_357_39_74,345_169_369_168_374_156_157_176_177_189_190_211_202_235_246_34_33_31_357_40_50_20_23_73_22_329_88_0_365_361_352_1_127_408_71_26_341_7_341_7_341_7_341_7_341_7_341_7_341_7_341
345_169_369_168_374_156_157_176_177_189_190_211_202_235_246_34_33_31_357_40_50_19_24_349_313_79_80,345_169_369_168_374_156_157_176_177_189_190_211_202_235_246_34_33_31_357_40_50_19_24_349_313_79_80
345_169_369_168_374_156_157_176_177_189_190_211_202_235_246_34_33_31_357_40_50_19_24_349_313_79_80,345_169_369_168_374_156_157_176_177_189_190_211_202_235_246_34_33_31_357_40_50_19_24_349_313_79_80
390_344_168_374_156_157_176_177_189_190_211_202_235_246_34_33_31_357_40_50_20_23_73_21_84_80,390_344_168_374_156_157_176_177_189_190_211_202_235_246_34_33_31_357_40_50_19_24_349_313_79_80
395_7_340_27_72_409_365_362_358_380_377_42_47_355_19_24_349_313_79_80,395_7_340_27_72_409_365_362_358_380_377_42_47_355_19_24_349_313_79_80
395_7_340_27_72_409_365_362_358_380_377_42_47_355_19_24_349_313_79_80,395_7_340_27_72_409_365_362_358_380_377_42_47_355_19_24_349_313_79_80
395_7_340_27_72_409_365_362_358_380_377_42_47_355_19_24_349_313_79_80,395_7_340_27_72_409_365_362_358_380_377_42_47_355_19_24_349_313_79_80
395_7_340_27_72_409_365_362_358_380_377_42_47_355_20_23_73_21_84_80,395_7_340_27_72_409_365_362_358_380_377_42_47_355_19_24_349_313_79_80
395_7_340_27_72_409_365_362_358_380_377_42_47_355_19_24_349_313_79_80,395_7_340_27_72_409_365_362_358_380_377_42_47_355_19_24_349_313_79_80
395_7_340_27_72_409_365_362_358_380_377_42_47_355_19_24_349_313_79_80,395_7_340_27_72_409_365_362_358_380_377_42_47_355_19_24_349_313_79_80
395_7_340_27_72_409_365_362_358_380_377_42_47_355_19_24_349_313_79_80,395_7_340_27_72_409_365_362_358_380_377_42_47_355_19_24_349_313_79_80
395_7_340_27_72_409_365_362_358_380_377_42_47_355_19_24_349_313_79_80,395_7_340_27_72_409_365_362_358_380_377_42_47_355_19_24_349_313_79_80
109_108_105_112_114_116_278_275_274_308_386_397_385_90_88,109_108_106_269_264_317_304_306_0_365_362_358_380_377_42_47_355_20_23_73_22_329_88
153_156_157_176_177_189_190_211_202_235_246_34_33_31_357_40_50_20_23_73_22_329_88,153_156_157_176_177_189_190_211_202_235_246_34_33_31_357_40_50_20_23_73_22_329_88
176_177_189_190_211_202_235_246_34_33_31_357_40_50_20_23_73_22_329_88,176_177_189_190_211_202_235_246_34_33_31_357_40_50_20_23_73_22_329_88
345_169_369_168_374_156_157_176_177_189_190_211_202_235_246_34_33_31_357_40_50_20_23_73_22_329_88,345_169_369_168_374_156_157_176_177_189_190_211_202_235_246_34_33_31_357_40_50_20_23_73_22_329_88
345_169_369_168_374_156_157_176_177_189_190_211_202_235_246_34_33_31_357_40_50_20_23_73_22_329_88,345_169_369_168_374_156_157_176_177_189_190_211_202_235_246_34_33_31_357_40_50_20_23_73_22_329_88
345_169_369_168_374_156_157_176_177_189_190_211_202_235_246_34_33_31_357_40_50_20_23_73_22_329_88,345_169_369_168_374_156_157_176_177_189_190_211_202_235_246_34_33_31_357_40_50_20_23_73_22_329_88
390_344_168_374_156_157_176_177_189_190_211_202_235_246_34_33_31_357_40_50_20_23_73_22_329_88,390_344_168_374_156_157_176_177_189_190_211_202_235_246_34_33_31_357_40_50_20_23_73_22_329_88
345_169_369_168_374_156_157_176_177_189_190_211_202_235_246_34_33_31_357_40_50_20_23_73_22_329_89,345_169_369_168_374_156_157_176_177_189_190_211_202_235_246_34_33_31_357_40_50_20_23_73_22_329_89
390_344_168_374_156_157_176_177_189_190_211_202_235_246_34_33_31_357_40_50_20_23_73_22_329_89,390_344_168_374_156_157_176_177_189_190_211_202_235_246_34_33_31_357_40_50_20_23_73_22_329_89
395_7_340_27_72_409_365_362_358_380_377_42_47_355_19_24_349_313_79_80_118_124,395_7_340_27_72_409_365_362_358_380_377_42_47_355_19_24_349_313_79_80_118_124
345_169_369_168_374_156_157_176_177_189_190_211_202_234_200_208_144,345_169_369_168_374_156_157_176_177_189_190_211_202_235_246_34_33_31_357_40_50_20_23_73_22_329_88_0_366_351_248_31_357_40_50_20_23_73_22_329_88_0_366_351_248_31_357_40_50_20_23
324_326_280_397_385_91_85_314_347_83_77_75_310_237_233_234_200_208_145_147,324_326_280_397_385_91_85_313_79_81_117_301_382_275_273_372_306_0_366_351_248_30_237_233_234_200_208_145_146_148_227_151_152_154_4_0_366_351_248_30_237_233_234_200_208_145_146_148_227_151_152
324_326_280_397_385_91_85_314_347_83_77_75_310_237_233_234_200_208_145_147,324_326_280_397_385_91_85_313_79_81_117_301_382_275_273_372_306_0_366_351_248_30_237_233_234_200_208_145_146_148_227_151_152_154_4_0_366_351_248_30_237_233_234_200_208_145_146_148_227_151_152
324_326_280_397_385_91_85_314_347_83_77_75_310_237_233_234_200_208_145_147,324_326_280_397_385_91_85_314_347_83_77_75_310_237_233_234_200_208_145_146_148_227_151_152_154_4_0_366_351_248_30_237_233_234_200_208_145_146_148_227_151_152_154_4_0_366_351_248_30_237_233
324_326_280_397_385_91_85_314_347_83_77_75_310_237_233_234_200_208_145_146_148_227_151_152_154,324_326_280_397_385_91_85_314_347_83_77_75_310_237_233_234_200_208_145_146_148_227_151_152_153_156_157_176_177_188_147_0_366_351_248_30_237_233_234_200_208_145_146_148_227_151_152_153_156_157_176
324_326_280_397_385_91_85_314_347_83_77_75_310_237_233_234_200_208_145_146_148_227_151_152_154,324_326_280_397_385_91_85_314_347_83_77_75_310_237_233_234_200_208_145_146_148_227_151_152_153_156_157_176_177_188_147_0_366_351_248_30_237_233_234_200_208_145_146_148_227_151_152_153_156_157_176
324_326_280_397_385_91_85_314_347_83_77_75_310_237_233_234_200_208_145_146_148_227_151_152_154,324_326_280_397_385_91_85_314_347_83_77_75_310_237_233_234_200_208_145_146_148_227_151_152_153_156_157_176_177_188_147_0_366_351_248_30_237_233_234_200_208_145_146_148_227_151_152_153_156_157_176
55_132_134_52_360_0_366_351_248_30_236_376_231_198_196_195_180_315_185_179_418_251_163_258_162,55_132_134_52_360_0_366_351_248_30_236_376_231_198_196_195_180_315_185_179_418_251_163_258_162
238_400_287_200_208_145_146_148_227_151_152_153_155_163_258_162,238_400_287_200_208_145_146_148_227_151_152_153_155_163_258_162
238_400_287_200_208_145_146_148_227_151_152_153_155_163_258_162,238_400_287_200_208_145_146_148_227_151_152_153_155_163_258_162
324_326_280_397_385_91_85_314_347_83_77_75_310_236_376_231_198_196_195_180_315_185_179_418_251_163_258_162,324_326_280_397_385_90_88_0_366_351_248_30_236_376_231_198_196_195_180_315_185_179_418_251_163_258_162
331_52_360_0_366_351_248_30_236_376_231_198_196_195_180_315_185_179_418_251_163_258_162,331_52_360_0_366_351_248_30_236_376_231_198_196_195_180_315_185_179_418_251_163_258_162
331_52_360_0_366_351_248_30_236_376_231_198_196_195_180_315_185_179_418_251_164_174,331_52_360_0_366_351_248_30_236_376_231_198_196_195_180_315_185_179_418_251_164_174
55_132_134_52_360_0_366_351_248_30_236_376_231_198_196_195_180_315_185_179,55_132_134_52_360_0_366_351_248_30_236_376_231_198_196_195_180_315_185_179
55_132_134_52_360_0_366_351_248_30_236_376_231_198_196_195_180_315_185_179,55_132_134_52_360_0_366_351_248_30_236_376_231_198_196_195_180_315_185_179
55_132_134_52_360_0_366_351_248_30_236_376_231_198_196_195_180_315_185_179,55_132_134_52_360_0_366_351_248_30_236_376_231_198_196_195_180_315_185_179
55_132_134_52_360_0_366_351_248_30_236_376_231_198_196_195_180_315_185_179,55_132_134_52_360_0_366_351_248_30_236_376_231_198_196_195_180_315_185_179
55_132_134_52_360_0_366_351_248_30_236_376_231_198_196_195_180_315_185_179,55_132_134_52_360_0_366_351_248_30_236_376_231_198_196_195_180_315_185_179
55_132_134_52_360_0_366_351_248_30_236_376_231_198_196_195_180_315_185_179,55_132_134_52_360_0_366_351_248_30_236_376_231_198_196_195_180_315_185_179
55_132_134_52_360_0_366_351_248_30_236_376_231_198_196_195_180_315_185_179,55_132_134_52_360_0_366_351_248_30_236_376_231_198_196_195_180_315_185_179
135_320_131_134_52_360_0_366_351_248_30_236_376_231_198_196_195_180_315_185_179,135_320_131_134_52_360_0_366_351_248_30_236_376_231_198_196_195_180_315_185_179
324_326_280_397_385_91_85_314_347_83_77_75_310_236_376_231_198_196_195_180_315_185_179,324_326_280_397_385_91_85_314_347_83_77_75_310_236_376_231_198_196_195_180_315_185_179
324_326_280_397_385_91_85_314_347_83_77_75_310_236_376_231_198_196_195_180_315_185_179,324_326_280_397_385_91_85_314_347_83_77_75_310_236_376_231_198_196_195_180_315_185_179
331_52_360_0_366_351_248_30_236_376_231_198_196_195_180_315_185_179,331_52_360_0_366_351_248_30_236_376_231_198_196_195_180_315_185_179
331_52_360_0_366_351_248_30_236_376_231_198_196_195_180_315_185_179,331_52_360_0_366_351_248_30_236_376_231_198_196_195_180_315_185_179
390_344_168_374_156_157_176_177_189_190_211_202_235_246_34_33_30_236_376_231_198_196_195_181,390_344_168_374_156_157_176_177_189_191_193_181
360_0_366_351_248_30_236_376_231_198_196_195_180_315_184_183,360_0_366_351_248_30_236_376_231_198_196_195_180_315_184_183
48_45_43_38_36_248_30_236_376_231_198_196_195_180_315_185,48_45_42_47_355_20_23_73_21_85_314_347_83_77_75_310_236_376_231_198_196_195_180_315_185
55_132_134_52_360_0_366_351_248_30_236_376_231_198_196_195_180_315_185,55_132_134_52_360_0_366_351_248_30_236_376_231_198_196_195_180_315_185
283_21_85_314_347_83_77_75_310_236_376_231_198_196_195_180_315_185,283_21_85_314_347_83_77_75_310_236_376_231_198_196_195_180_315_185
283_21_85_314_347_83_77_75_310_236_376_231_198_196_195_180_315_185,283_21_85_314_347_83_77_75_310_236_376_231_198_196_195_180_315_185
324_326_280_397_385_91_85_314_347_83_77_75_310_236_376_231_198_196_195_180_315_185,324_326_280_397_385_91_85_314_347_83_77_75_310_236_376_231_198_196_195_180_315_185
345_169_369_168_374_156_157_176_177_189_191_193_180_315_185,345_169_369_168_374_156_157_176_177_189_191_193_180_315_185
345_169_369_168_374_156_157_176_177_189_191_193_180_315_185,345_169_369_168_374_156_157_176_177_189_191_193_180_315_185
324_326_280_397_385_91_85_314_347_83_77_75_310_236_376_231_198_196_195_180_316_187,324_326_280_397_385_90_88_0_366_351_248_30_236_376_231_198_196_195_180_315_185_178_410_412_186_222_221_0_366_351_248_30_236_376_231_198_196_195_180_315_185_178_410_412_186_222_221_0_366_351_248
345_169_369_168_374_156_157_176_177_189_191_193_180_316_187,345_169_369_168_374_156_157_176_177_189_191_193_180_315_185_178_410_412_186_222_221_0_366_351_248_30_236_376_231_198_196_195_180_315_185_178_410_412_186_222_221_0_366_351_248_30_236_376_231_198_196
324_326_280_397_385_91_85_314_347_83_77_75_310_236_376_231_198_196,324_326_280_397_385_91_85_314_347_83_77_75_310_236_376_231_198_196
395_7_340_27_72_409_366_351_248_30_236_376_231_198_196,395_7_340_27_72_409_366_351_248_30_236_376_231_198_196
55_132_134_52_360_0_366_351_248_30_236_376_231_198_197,55_132_134_52_360_0_366_351_248_30_236_376_231_198_196_195_181_222_221_0_366_351_248_30_236_376_231_198_196_195_181_222_221_0_366_351_248_30_236_376_231_198_196_195_181_222_221_0_366_351_248
324_326_280_397_385_91_85_314_347_83_77_75_310_236_376_231_198_197,324_326_280_397_385_91_85_314_347_83_77_75_310_236_376_231_198_196_195_181_222_221_0_366_351_248_30_236_376_231_198_196_195_181_222_221_0_366_351_248_30_236_376_231_198_196_195_181_222_221_0
395_7_340_27_72_409_366_351_248_30_236_376_231_198_197,395_7_340_27_72_409_366_351_248_30_236_376_231_198_196_195_181_222_221_0_366_351_248_30_236_376_231_198_196_195_181_222_221_0_366_351_248_30_236_376_231_198_196_195_181_222_221_0_366_351_248
324_326_280_397_385_91_85_314_347_83_77_75_310_237_233_234_200,324_326_280_397_385_91_85_314_347_83_77_75_310_237_233_235_246_34_33_30_237_233_235_246_34_33_30_237_233_235_246_34_33_30_237_233_235_246_34_33_30_237_233_235_246_34_33_30_237_233_235
345_169_369_168_374_156_157_176_177_189_191_193_181_223_214_297_203,345_169_369_168_374_156_157_176_177_189_191_193_180_315_185_179_418_251_164_174_159_167_166_391_0_366_351_248_30_236_376_231_198_196_195_180_315_185_179_418_251_164_174_159_167_166_391_0_366_351_248
345_169_369_168_374_156_157_176_177_189_191_193_181_223_214_297_203,345_169_369_168_374_156_157_176_177_189_191_193_180_315_185_179_418_251_164_174_159_167_166_391_0_366_351_248_30_236_376_231_198_196_195_180_315_185_179_418_251_164_174_159_167_166_391_0_366_351_248
345_169_369_168_374_156_157_176_177_189_191_193_181_223_214_297_203,345_169_369_168_374_156_157_176_177_189_191_193_180_315_185_179_418_251_164_174_159_167_166_391_0_366_351_248_30_236_376_231_198_196_195_180_315_185_179_418_251_164_174_159_167_166_391_0_366_351_248
345_169_369_168_374_156_157_176_177_189_191_193_181_223_214_297_203,345_169_369_168_374_156_157_176_177_189_191_193_180_315_185_179_418_251_164_174_159_167_166_391_0_366_351_248_30_236_376_231_198_196_195_180_315_185_179_418_251_164_174_159_167_166_391_0_366_351_248
345_169_369_168_374_156_157_176_177_189_191_193_181_223_214_297_203,345_169_369_168_374_156_157_176_177_189_191_193_180_315_185_179_418_251_164_174_159_167_166_391_0_366_351_248_30_236_376_231_198_196_195_180_315_185_179_418_251_164_174_159_167_166_391_0_366_351_248
390_344_168_374_156_157_176_177_189_191_193_181_223_214_297_203,390_343_390_343_390_343_390_343_390_343_390_343_390_343_390_343_390_343_390_343_390_343_390_343_390_343_390_343_390_343_390_343_390_343_390_343_390_343_390_343_390_343_390_343_390_343_390_343_390_343_390
347_83_77_75_310_237_232_33_30_236_376_231_198_197_291_299_204,347_82_25_23_73_22_329_88_0_366_351_248_31_357_40_50_20_23_73_22_329_88_0_366_351_248_31_357_40_50_20_23_73_22_329_88_0_366_351_248_31_357_40_50_20_23_73_22_329_88_0
91_85_314_347_83_77_75_310_237_233_235_246_34_33_30_236_376_231_199_216_207,91_85_313_79_81_117_301_382_275_273_372_306_0_366_351_248_31_357_40_50_20_23_73_22_329_88_0_366_351_248_31_357_40_50_20_23_73_22_329_88_0_366_351_248_31_357_40_50_20_23_73
283_21_85_314_347_83_77_75_310_236_376_231_198_196_195_181_222,283_22_329_88_0_366_351_248_30_236_376_231_198_196_195_181_222
324_326_280_397_385_91_85_314_347_83_77_75_310_236_376_231_198_196_195_180_315_185_179_416_422_335_176_177_189_191_193_181_222,324_326_280_397_385_91_85_314_347_83_77_75_310_236_376_231_198_196_195_181_222
324_326_280_397_385_91_85_314_347_83_77_75_310_236_376_231_198_196_195_181_222,324_326_280_397_385_91_85_314_347_83_77_75_310_236_376_231_198_196_195_181_222
324_326_280_397_385_91_85_314_347_83_77_75_310_236_376_231_198_196_195_181_222,324_326_280_397_385_91_85_314_347_83_77_75_310_236_376_231_198_196_195_181_222
367_400_287_200_208_145_146_148_227_151_152_153_156_157_176_177_189_191_193_181_222,367_400_286_235_246_34_33_30_236_376_231_198_196_195_181_222
395_7_340_27_72_409_366_351_248_30_236_376_231_198_196_195_181_222,395_7_340_27_72_409_366_351_248_30_236_376_231_198_196_195_181_222
324_326_280_397_385_91_85_314_347_83_77_75_310_237_233_234_200_208_145_146_148_227,324_326_280_397_385_91_85_314_347_83_77_75_310_237_233_234_200_208_145_146_148_227
324_326_280_397_385_91_85_314_347_83_77_75_310_237_233_234,324_326_280_397_385_91_85_314_347_83_77_75_310_237_233_234
324_326_280_397_385_91_85_314_347_83_77_75_310_237_233_234,324_326_280_397_385_91_85_314_347_83_77_75_310_237_233_234
345_169_369_168_374_156_157_176_177_189_190_211_202_235_246_34_33_30_236,345_169_369_168_374_156_157_176_177_189_190_211_202_235_246_34_33_30_236
324_326_280_397_385_91_85_314_347_83_77_75_310_237_233_235_245_239,324_326_280_397_385_91_85_314_347_83_77_75_310_237_233_235_245_239
246_34_33_31_357_40_49_363_355_19_24_348_347_83_77_75_310_237_233_235_245_239_240,246_34_33_30_237_233_235_245_239_240
300_198_196_195_180_315_184_183_177_189_190_211_202_235_245_239_240,300_198_196_195_180_315_184_183_177_189_190_211_202_235_245_239_240
324_326_280_397_385_91_85_314_347_83_77_75_310_237_233_235_245_239_240,324_326_280_397_385_91_85_314_347_83_77_75_310_237_233_235_245_239_240
324_326_280_397_385_91_85_314_347_83_77_75_310_237_233_235_245_239_240,324_326_280_397_385_91_85_314_347_83_77_75_310_237_233_235_245_239_240
324_326_280_397_385_91_85_314_347_83_77_75_310_237_233_235_245_239_240,324_326_280_397_385_91_85_314_347_83_77_75_310_237_233_235_245_239_240
324_326_280_397_385_91_85_314_347_83_77_75_310_237_233_235_245_239_240,324_326_280_397_385_91_85_314_347_83_77_75_310_237_233_235_245_239_240
324_326_280_397_385_91_85_314_347_83_77_75_310_237_233_235_245_239_240,324_326_280_397_385_91_85_314_347_83_77_75_310_237_233_235_245_239_240
324_326_280_397_385_91_85_314_347_83_77_75_310_237_233_235_245_239_240,324_326_280_397_385_91_85_314_347_83_77_75_310_237_233_235_245_239_240
324_326_280_397_385_91_85_314_347_83_77_75_310_237_233_235_245_239_240,324_326_280_397_385_91_85_314_347_83_77_75_310_237_233_235_245_239_240
324_326_280_397_385_91_85_314_347_83_77_75_310_237_233_235_245_239_240,324_326_280_397_385_91_85_314_347_83_77_75_310_237_233_235_245_239_240
324_326_280_397_385_91_85_314_347_83_77_75_310_237_233_235_245_239_240,324_326_280_397_385_91_85_314_347_83_77_75_310_237_233_235_245_239_240
324_326_280_397_385_91_85_314_347_83_77_75_310_237_233_235_245_239_240,324_326_280_397_385_91_85_314_347_83_77_75_310_237_233_235_245_239_240
326_280_397_385_91_85_314_347_83_77_75_310_237_233_235_245_239_240,326_280_397_385_91_85_314_347_83_77_75_310_237_233_235_245_239_240
345_169_369_168_374_156_157_176_177_189_190_211_202_235_245_239_240,345_169_369_168_374_156_157_176_177_189_190_211_202_235_245_239_240
390_344_168_374_156_157_176_177_189_190_211_202_235_245_239_240,390_344_168_374_156_157_176_177_189_190_211_202_235_245_239_240
390_344_168_374_156_157_176_177_189_190_211_202_235_245_239_240,390_344_168_374_156_157_176_177_189_190_211_202_235_245_239_240
390_344_168_374_156_157_176_177_189_190_211_202_235_245_239_240,390_344_168_374_156_157_176_177_189_190_211_202_235_245_239_240
390_344_168_374_156_157_176_177_189_190_211_202_235_245_239_240,390_344_168_374_156_157_176_177_189_190_211_202_235_245_239_240
390_344_168_374_156_157_176_177_189_190_211_202_235_245_239_240,390_344_168_374_156_157_176_177_189_190_211_202_235_245_239_240
390_344_168_374_156_157_176_177_189_190_211_202_235_245_239_240,390_344_168_374_156_157_176_177_189_190_211_202_235_245_239_240
390_344_168_374_156_157_176_177_189_190_211_202_235_245_239_240,390_344_168_374_156_157_176_177_189_190_211_202_235_245_239_240
390_344_168_374_156_157_176_177_189_190_211_202_235_245_239_240,390_344_168_374_156_157_176_177_189_190_211_202_235_245_239_240
390_344_168_374_156_157_176_177_189_190_211_202_235_245_239_240,390_344_168_374_156_157_176_177_189_190_211_202_235_245_239_240
390_344_168_374_156_157_176_177_189_190_211_202_235_245_239_240,390_344_168_374_156_157_176_177_189_190_211_202_235_245_239_240
390_344_168_374_156_157_176_177_189_190_211_202_235_245_239_240,390_344_168_374_156_157_176_177_189_190_211_202_235_245_239_240
390_344_168_374_156_157_176_177_189_190_211_202_235_245_239_240,390_344_168_374_156_157_176_177_189_190_211_202_235_245_239_240
390_344_168_374_156_157_176_177_189_190_211_202_235_245_239_240,390_344_168_374_156_157_176_177_189_190_211_202_235_245_239_240
390_344_168_374_156_157_176_177_189_190_211_202_235_245_239_240,390_344_168_374_156_157_176_177_189_190_211_202_235_245_239_240
345_169_369_168_374_156_157_176_177_189_190_211_202_235_245_239_241,345_169_369_168_374_156_157_176_177_189_190_211_202_235_245_239_241
195_180_315_184_183_177_189_190_211_202_235_245_239_241_242,195_180_315_184_183_177_189_190_211_202_235_245_239_241_242
206_196_195_180_315_184_183_177_189_190_211_202_235_245_239_241_242,206_196_195_180_315_184_183_177_189_190_211_202_235_245_239_241_242
324_326_280_397_385_91_85_314_347_83_77_75_310_237_233_235_245_239_241_242,324_326_280_397_385_90_88_0_365_361_352_1_127_408_70_56_10_58_341_7_340_27_70_56_10_58_341_7_340_27_70_56_10_58_341_7_340_27_70_56_10_58_341_7_340_27_70_56_10_58_341
324_326_280_397_385_91_85_314_347_83_77_75_310_237_233_235_245_239_241_242,324_326_280_397_385_91_85_314_347_83_77_75_310_237_233_235_245_239_241_242
345_169_369_168_374_156_157_176_177_189_190_211_202_235_245_239_241_242,345_169_369_168_374_156_157_176_177_189_190_211_202_235_245_239_241_242
345_169_369_168_374_156_157_176_177_189_190_211_202_235_245_239_241_242,345_169_369_168_374_156_157_176_177_189_190_211_202_235_245_239_241_242
345_169_369_168_374_156_157_176_177_189_190_211_202_235_245_239_241_242,345_169_369_168_374_156_157_176_177_189_190_211_202_235_245_239_241_242
345_169_369_168_374_156_157_176_177_189_190_211_202_235_245_239_241_242,345_169_369_168_374_156_157_176_177_189_190_211_202_235_245_239_241_242
345_169_369_168_374_156_157_176_177_189_190_211_202_235_245_239_241_242,345_169_369_168_374_156_157_176_177_189_190_211_202_235_245_239_241_242
345_169_369_168_374_156_157_176_177_189_190_211_202_235_245_239_241_242,345_169_369_168_374_156_157_176_177_189_190_211_202_235_245_239_241_242
345_169_369_168_374_156_157_176_177_189_190_211_202_235_245_239_241_242,345_169_369_168_374_156_157_176_177_189_190_211_202_235_245_239_241_242
345_169_369_168_374_156_157_176_177_189_190_211_202_235_245_239_241_242,345_169_369_168_374_156_157_176_177_189_190_211_202_235_245_239_241_242
345_169_369_168_374_156_157_176_177_189_190_211_202_235_245_239_241_242,345_169_369_168_374_156_157_176_177_189_190_211_202_235_245_239_241_242
345_169_369_168_374_156_157_176_177_189_190_211_202_235_245_239_241_242,345_169_369_168_374_156_157_176_177_189_190_211_202_235_245_239_241_242
345_169_369_168_374_156_157_176_177_189_190_211_202_235_245_239_241_242,345_169_369_168_374_156_157_176_177_189_190_211_202_235_245_239_241_242
345_169_369_168_374_156_157_176_177_189_190_211_202_235_245_239_241_242,345_169_369_168_374_156_157_176_177_189_190_211_202_235_245_239_241_242
345_169_369_168_374_156_157_176_177_189_190_211_202_235_245_239_241_242,345_169_369_168_374_156_157_176_177_189_190_211_202_235_245_239_241_242
345_169_369_168_374_156_157_176_177_189_190_211_202_235_245_239_241_242,345_169_369_168_374_156_157_176_177_189_190_211_202_235_245_239_241_242
345_169_369_168_374_156_157_176_177_189_190_211_202_235_245_239_241_242,345_169_369_168_374_156_157_176_177_189_190_211_202_235_245_239_241_242
345_169_369_168_374_156_157_176_177_189_190_211_202_235_245_239_241_242,345_169_369_168_374_156_157_176_177_189_190_211_202_235_245_239_241_242
369_168_374_156_157_176_177_189_190_211_202_235_245_239_241_242,369_168_374_156_157_176_177_189_190_211_202_235_245_239_241_242
390_344_168_374_156_157_176_177_189_190_211_202_235_245_239_241_242,390_344_168_374_156_157_176_177_189_190_211_202_235_245_239_241_242
390_344_168_374_156_157_176_177_189_190_211_202_235_245_239_241_242,390_344_168_374_156_157_176_177_189_190_211_202_235_245_239_241_242
390_344_168_374_156_157_176_177_189_190_211_202_235_245_239_241_242,390_344_168_374_156_157_176_177_189_190_211_202_235_245_239_241_242
390_344_168_374_156_157_176_177_189_190_211_202_235_245_239_241_242,390_344_168_374_156_157_176_177_189_190_211_202_235_245_239_241_242
390_344_168_374_156_157_176_177_189_190_211_202_235_245_239_241_242,390_344_168_374_156_157_176_177_189_190_211_202_235_245_239_241_242
390_344_168_374_156_157_176_177_189_190_211_202_235_245_239_241_242,390_344_168_374_156_157_176_177_189_190_211_202_235_245_239_241_242
390_344_168_374_156_157_176_177_189_190_211_202_235_245_239_241_242,390_344_168_374_156_157_176_177_189_190_211_202_235_245_239_241_242
390_344_168_374_156_157_176_177_189_190_211_202_235_245_239_241_242,390_344_168_374_156_157_176_177_189_190_211_202_235_245_239_241_242
390_344_168_374_156_157_176_177_189_190_211_202_235_245_239_241_242,390_344_168_374_156_157_176_177_189_190_211_202_235_245_239_241_242
390_344_168_374_156_157_176_177_189_190_211_202_235_245_239_241_242,390_344_168_374_156_157_176_177_189_190_211_202_235_245_239_241_242
390_344_168_374_156_157_176_177_189_190_211_202_235_245_239_241_242,390_344_168_374_156_157_176_177_189_190_211_202_235_245_239_241_242
390_344_168_374_156_157_176_177_189_190_211_202_235_245_239_241_242,390_344_168_374_156_157_176_177_189_190_211_202_235_245_239_241_242
390_344_168_374_156_157_176_177_189_190_211_202_235_245_239_241_242,390_344_168_374_156_157_176_177_189_190_211_202_235_245_239_241_242
390_344_168_374_156_157_176_177_189_190_211_202_235_245_239_241_242,390_344_168_374_156_157_176_177_189_190_211_202_235_245_239_241_242
390_344_168_374_156_157_176_177_189_190_211_202_235_245_239_241_242,390_344_168_374_156_157_176_177_189_190_211_202_235_245_239_241_242
390_344_168_374_156_157_176_177_189_190_211_202_235_245_239_241_242,390_344_168_374_156_157_176_177_189_190_211_202_235_245_239_241_242
390_344_168_374_156_157_176_177_189_190_211_202_235_245_239_241_242,390_344_168_374_156_157_176_177_189_190_211_202_235_245_239_241_242
390_344_168_374_156_157_176_177_189_190_211_202_235_245_239_241_242,390_344_168_374_156_157_176_177_189_190_211_202_235_245_239_241_242
390_344_168_374_156_157_176_177_189_190_211_202_235_245_239_241_242,390_344_168_374_156_157_176_177_189_190_211_202_235_245_239_241_242
390_344_168_374_156_157_176_177_189_190_211_202_235_245_239_241_242,390_344_168_374_156_157_176_177_189_190_211_202_235_245_239_241_242
390_344_168_374_156_157_176_177_189_190_211_202_235_245_239_241_242,390_344_168_374_156_157_176_177_189_190_211_202_235_245_239_241_242
390_344_168_374_156_157_176_177_189_190_211_202_235_245_239_241_242,390_344_168_374_156_157_176_177_189_190_211_202_235_245_239_241_242
390_344_168_374_156_157_176_177_189_190_211_202_235_245_239_241_242,390_344_168_374_156_157_176_177_189_190_211_202_235_245_239_241_242
390_344_168_374_156_157_176_177_189_190_211_202_235_245_239_241_242,390_344_168_374_156_157_176_177_189_190_211_202_235_245_239_241_242
390_344_168_374_156_157_176_177_189_190_211_202_235_245_239_241_242,390_344_168_374_156_157_176_177_189_190_211_202_235_245_239_241_242
390_344_168_374_156_157_176_177_189_190_211_202_235_245_239_241_242,390_344_168_374_156_157_176_177_189_190_211_202_235_245_239_241_242
390_344_168_374_156_157_176_177_189_190_211_202_235_245_239_241_242,390_344_168_374_156_157_176_177_189_190_211_202_235_245_239_241_242
390_344_168_374_156_157_176_177_189_190_211_202_235_245_239_241_242,390_344_168_374_156_157_176_177_189_190_211_202_235_245_239_241_242
390_344_168_374_156_157_176_177_189_190_211_202_235_245_239_241_242,390_344_168_374_156_157_176_177_189_190_211_202_235_245_239_241_242
390_344_168_374_156_157_176_177_189_190_211_202_235_245_239_241_242,390_344_168_374_156_157_176_177_189_190_211_202_235_245_239_241_242
390_344_168_374_156_157_176_177_189_190_211_202_235_245_239_241_242,390_344_168_374_156_157_176_177_189_190_211_202_235_245_239_241_242
390_344_168_374_156_157_176_177_189_190_211_202_235_245_239_241_242,390_344_168_374_156_157_176_177_189_190_211_202_235_245_239_241_242
414_252_334_157_176_177_189_190_211_202_235_245_239_241_242,414_252_333_335_176_177_189_190_211_202_235_245_239_241_242
414_252_334_157_176_177_189_190_211_202_235_245_239_241_242,414_252_333_335_176_177_189_190_211_202_235_245_239_241_242
345_169_369_168_374_156_157_176_177_189_190_211_202_235_246,345_169_369_168_374_156_157_176_177_189_190_211_202_234_200_208_145_147_0_366_351_248_30_237_233_235_245_239_240_0_366_351_248_30_237_233_235_245_239_240_0_366_351_248_30_237_233_235_245_239_240
345_169_369_168_374_156_157_176_177_189_190_211_202_235_246_34_33_31_356_36_248,345_169_369_168_374_156_157_176_177_189_190_211_202_235_246_34_33_31_356_36_248
15_34_33_30_236_376_231_198_196_195_180_315_185_179_418_251,15_34_33_30_236_376_231_198_196_195_180_315_185_179_418_251
331_52_360_0_366_351_248_30_236_376_231_198_196_195_180_315_185_179_418_251,331_52_360_0_366_351_248_30_236_376_231_198_196_195_180_315_185_179_418_251
395_7_340_27_72_409_366_351_248_30_236_376_231_198_196_195_180_315_185_179_418_251,395_7_340_27_72_409_366_351_248_30_236_376_231_198_196_195_180_315_185_179_418_251
52_360_0_366_351_248_30_236_376_231_198_196_195_180_315_185_179_418_251_164_173_257_253,52_360_0_366_351_248_30_236_376_231_198_196_195_180_315_185_179_418_251_164_173_257_253
30_236_376_231_198_196_195_180_315_185_179_418_251_164_173_257,30_236_376_231_198_196_195_180_315_185_179_418_251_164_173_257
75_310_236_376_231_198_196_195_180_315_185_179_418_251_163_258,75_310_236_376_231_198_196_195_180_315_185_179_418_251_163_258
237_233_234_200_208_145_146_148_227_151_152_153_155_163_258,237_233_234_200_208_145_146_148_227_151_152_153_155_163_258
395_7_340_27_72_409_366_351_248_30_236_376_231_198_196_195_180_315_185_179_418_251_163_258,395_7_340_27_72_409_366_351_248_30_236_376_231_198_196_195_180_315_185_179_418_251_163_258
15_34_33_31_357_40_50_20_23_73_21_84_80_118_124_116_278_276_267_265_262_261_260,15_34_33_31_357_40_50_19_24_349_313_79_81_117_301_382_275_273_372_306_0_365_362_358_380_377_42_47_355_19_24_349_313_79_81_117_301_382_275_273_372_306_0_365_362_358_380_377_42_47_355
345_169_369_168_374_156_157_176_177_189_190_211_202_235_246_34_33_31_357_40_50_20_23_73_21_84_81_117_301_382_276_267_265_262_261_260,345_169_369_168_374_156_157_176_177_189_190_211_202_235_246_34_33_31_357_40_50_19_24_349_313_79_81_117_301_382_275_273_372_306_0_365_362_358_380_377_42_47_355_19_24_349_313_79_81_117_301
395_7_340_27_72_409_365_362_358_380_377_42_47_355_19_24_349_313_79_80_118_124_116_278_276_267_265_262_261_260,395_7_340_27_72_409_365_362_358_380_377_42_47_355_19_24_349_313_79_81_117_301_382_275_273_372_306_0_365_362_358_380_377_42_47_355_19_24_349_313_79_81_117_301_382_275_273_372_306_0_365
395_7_340_27_72_409_365_362_358_380_377_42_47_355_19_24_349_313_79_80_118_124_116_278_276_267_265_262_261_260,395_7_340_27_72_409_365_362_358_380_377_42_47_355_19_24_349_313_79_81_117_301_382_275_273_372_306_0_365_362_358_380_377_42_47_355_19_24_349_313_79_81_117_301_382_275_273_372_306_0_365
395_7_340_27_72_409_365_362_358_380_377_42_47_355_19_24_349_313_79_81_117_301_382_276_267_265_262_261_260,395_7_340_27_72_409_365_362_358_380_377_42_47_355_19_24_349_313_79_81_117_301_382_275_273_372_306_0_365_362_358_380_377_42_47_355_19_24_349_313_79_81_117_301_382_275_273_372_306_0_365
395_7_340_27_72_409_365_362_358_380_377_42_47_355_19_24_349_313_79_81_117_301_382_276_267_265_262_261_260,395_7_340_27_72_409_365_362_358_380_377_42_47_355_19_24_349_313_79_81_117_301_382_275_273_372_306_0_365_362_358_380_377_42_47_355_19_24_349_313_79_81_117_301_382_275_273_372_306_0_365
395_7_340_27_72_409_365_362_358_380_377_42_47_355_19_24_349_313_79_81_117_301_382_276_267_265_262_261_260,395_7_340_27_72_409_365_362_358_380_377_42_47_355_19_24_349_313_79_81_117_301_382_275_273_372_306_0_365_362_358_380_377_42_47_355_19_24_349_313_79_81_117_301_382_275_273_372_306_0_365
395_7_340_27_72_409_365_362_358_380_377_42_47_355_19_24_349_313_79_80_118_124_116_278_276_267_265_262_261_260,395_7_340_27_72_409_365_362_358_380_377_42_47_355_19_24_349_313_79_81_117_301_382_275_273_372_306_0_365_362_358_380_377_42_47_355_19_24_349_313_79_81_117_301_382_275_273_372_306_0_365
395_7_340_27_72_409_365_362_358_380_377_42_47_355_19_24_349_313_79_81_117_301_382_276_267_265_262_261_260,395_7_340_27_72_409_365_362_358_380_377_42_47_355_19_24_349_313_79_81_117_301_382_275_273_372_306_0_365_362_358_380_377_42_47_355_19_24_349_313_79_81_117_301_382_275_273_372_306_0_365
395_7_340_27_72_409_365_362_358_380_377_42_47_355_19_24_349_313_79_81_117_301_382_276_267_265_262_261_260,395_7_340_27_72_409_365_362_358_380_377_42_47_355_19_24_349_313_79_81_117_301_382_275_273_372_306_0_365_362_358_380_377_42_47_355_19_24_349_313_79_81_117_301_382_275_273_372_306_0_365
395_7_340_27_72_409_365_362_358_380_377_42_47_355_19_24_349_313_79_81_117_301_382_276_267_265_262_261_260,395_7_340_27_72_409_365_362_358_380_377_42_47_355_19_24_349_313_79_81_117_301_382_275_273_372_306_0_365_362_358_380_377_42_47_355_19_24_349_313_79_81_117_301_382_275_273_372_306_0_365
345_169_369_168_374_156_157_176_177_189_190_211_202_235_246_34_33_31_357_40_50_19_24_349_313_79_81_117_301_382_276_267_265_262_261,345_169_370_402_4_0_365_362_358_380_377_42_47_355_19_24_349_313_79_80_118_124_116_278_275_273_372_306_0_365_362_358_380_377_42_47_355_19_24_349_313_79_80_118_124_116_278_275_273_372_306
390_344_168_374_156_157_176_177_189_190_211_202_235_246_34_33_31_357_40_50_19_24_349_313_79_80_118_124_116_278_276_267,390_344_168_374_156_157_176_177_189_190_211_202_235_246_34_33_31_357_40_50_19_24_349_313_79_80_118_124_116_278_275_273_372_306_0_365_362_358_380_377_42_47_355_19_24_349_313_79_80_118_124
395_7_340_27_72_409_365_362_358_380_377_42_47_355_19_24_349_313_79_80_118_124_116_278_276_267,395_7_340_27_72_409_365_362_358_380_377_42_47_355_19_24_349_313_79_80_118_124_116_278_275_273_372_306_0_365_362_358_380_377_42_47_355_19_24_349_313_79_80_118_124_116_278_275_273_372_306
395_7_340_27_72_409_365_362_358_380_377_42_47_355_20_23_73_21_84_80_118_124_116_278_276_267,395_7_340_27_72_409_365_362_358_380_377_42_47_355_19_24_349_313_79_80_118_124_116_278_275_273_372_306_0_365_362_358_380_377_42_47_355_19_24_349_313_79_80_118_124_116_278_275_273_372_306
176_177_189_190_211_202_235_246_34_33_31_357_40_50_20_23_73_22_329_89_281,176_177_189_190_211_202_235_246_34_33_31_357_40_50_20_23_73_22_329_88_0_365_362_358_380_377_42_47_355_20_23_73_22_329_88_0_365_362_358_380_377_42_47_355_20_23_73_22_329_88_0
212_153_156_157_176_177_189_190_211_202_235_246_34_33_31_357_40_50_20_23_73_22_329_89_281,212_153_156_157_176_177_189_190_211_202_235_246_34_33_31_357_40_50_20_23_73_22_329_88_0_365_362_358_380_377_42_47_355_20_23_73_22_329_88_0_365_362_358_380_377_42_47_355_20_23_73
345_169_369_168_374_156_157_176_177_189_190_211_202_235_246_34_33_31_357_40_50_20_23_73_22_329_89_281,345_169_369_168_374_156_157_176_177_189_190_211_202_235_246_34_33_31_357_40_50_20_23_73_22_329_88_0_365_362_358_380_377_42_47_355_20_23_73_22_329_88_0_365_362_358_380_377_42_47_355
347_83_77_75_310_237_233_235_246_34_33_31_357_40_50_20_23_73_22_329_89_281,347_83_76_79_81_117_301_382_275_273_372_306_0_365_362_358_380_377_42_47_355_20_23_73_22_329_88_0_365_362_358_380_377_42_47_355_20_23_73_22_329_88_0_365_362_358_380_377_42_47_355
390_344_168_374_156_157_176_177_189_190_211_202_235_246_34_33_31_357_40_50_20_23_73_22_329_89_281,390_344_168_374_156_157_176_177_189_190_211_202_235_246_34_33_31_357_40_50_20_23_73_22_329_88_0_365_362_358_380_377_42_47_355_20_23_73_22_329_88_0_365_362_358_380_377_42_47_355_20
395_7_340_27_72_409_365_362_358_380_377_42_47_355_20_23_73_22_329_89_281,395_7_340_27_72_409_365_362_358_380_377_42_47_355_20_23_73_22_329_88_0_365_362_358_380_377_42_47_355_20_23_73_22_329_88_0_365_362_358_380_377_42_47_355_20_23_73_22_329_88_0
400_286_235_246_34_33_31_357_40_50_20_23_73_22_329_89_281,400_286_235_246_34_33_31_357_40_50_20_23_73_22_329_89_281
400_286_235_246_34_33_31_357_40_50_20_23_73_22_329_89_281,400_286_235_246_34_33_31_357_40_50_20_23_73_22_329_89_281
324_326_280_397_385_91_85_314_347_83_77_75_310_236_376_231_198_196_195_181_223_213_294,324_326_280_397_385_90_88_0_366_351_248_30_236_376_231_198_196_195_181_222_221_0_366_351_248_30_236_376_231_198_196_195_181_222_221_0_366_351_248_30_236_376_231_198_196_195_181_222_221_0_366
324_326_280_397_385_91_85_314_347_83_77_75_310_236_376_231_198_196_195_181_223_213_294,324_326_280_397_385_90_88_0_366_351_248_30_236_376_231_198_196_195_181_222_221_0_366_351_248_30_236_376_231_198_196_195_181_222_221_0_366_351_248_30_236_376_231_198_196_195_181_222_221_0_366
345_169_369_168_374_156_157_176_177_189_191_193_181_223_213_294,345_169_370_402_4_0_366_351_248_30_236_376_231_198_196_195_181_222_221_0_366_351_248_30_236_376_231_198_196_195_181_222_221_0_366_351_248_30_236_376_231_198_196_195_181_222_221_0_366_351_248
50_19_24_349_313_79_80_118_124_116_278_275_273_372_306,50_19_24_349_313_79_80_118_124_116_278_275_273_372_306
78_50_19_24_349_313_79_80_118_124_116_278_275_273_372_306,78_50_19_24_349_313_79_80_118_124_116_278_275_273_372_306
148_227_151_152_153_156_157_176_177_189_190_211_202_235_246_34_33_31_357_40_50_20_23_73_21_84_80_118_124_116_278_275_273_372_306,148_227_149_176_177_189_190_211_202_235_246_34_33_31_357_40_50_19_24_349_313_79_80_118_124_116_278_275_273_372_306
238_400_286_235_246_34_33_31_357_40_50_19_24_349_313_79_80_118_124_116_278_275_273_372_306,238_400_286_235_246_34_33_31_357_40_50_19_24_349_313_79_80_118_124_116_278_275_273_372_306
246_34_33_31_357_40_50_19_24_349_313_79_81_117_301_382_275_273_372_306,246_34_33_31_357_40_50_19_24_349_313_79_80_118_124_116_278_275_273_372_306
345_169_369_168_374_156_157_176_177_189_190_211_202_235_246_34_33_31_357_40_50_19_24_349_313_79_80_118_124_116_278_275_273_372_306,345_169_369_168_374_156_157_176_177_189_190_211_202_235_246_34_33_31_357_40_50_19_24_349_313_79_80_118_124_116_278_275_273_372_306
345_169_369_168_374_156_157_176_177_189_190_211_202_235_246_34_33_31_357_40_50_19_24_349_313_79_80_118_124_116_278_275_273_372_306,345_169_369_168_374_156_157_176_177_189_190_211_202_235_246_34_33_31_357_40_50_19_24_349_313_79_80_118_124_116_278_275_273_372_306
345_169_369_168_374_156_157_176_177_189_190_211_202_235_246_34_33_31_357_40_50_19_24_349_313_79_80_118_124_116_278_275_273_372_306,345_169_369_168_374_156_157_176_177_189_190_211_202_235_246_34_33_31_357_40_50_19_24_349_313_79_80_118_124_116_278_275_273_372_306
347_83_78_50_19_24_349_313_79_80_118_124_116_278_275_273_372_306,347_83_76_79_80_118_124_116_278_275_273_372_306
355_19_24_349_313_79_80_118_124_116_278_275_273_372_306,355_19_24_349_313_79_80_118_124_116_278_275_273_372_306
367_400_286_235_246_34_33_31_357_40_50_19_24_349_313_79_80_118_124_116_278_275_273_372_306,367_400_286_235_246_34_33_31_357_40_50_19_24_349_313_79_80_118_124_116_278_275_273_372_306
367_400_286_235_246_34_33_31_357_40_50_19_24_349_313_79_81_117_301_382_275_273_372_306,367_400_286_235_246_34_33_31_357_40_50_19_24_349_313_79_80_118_124_116_278_275_273_372_306
395_7_340_27_72_409_365_362_358_380_377_42_47_355_19_24_349_313_79_80_118_124_116_278_275_273_372_306,395_7_340_27_72_409_365_362_358_380_377_42_47_355_19_24_349_313_79_80_118_124_116_278_275_273_372_306
395_7_340_27_72_409_365_362_358_380_377_42_47_355_19_24_349_313_79_81_117_301_382_275_273_372_306,395_7_340_27_72_409_365_362_358_380_377_42_47_355_19_24_349_313_79_80_118_124_116_278_275_273_372_306
395_7_340_27_72_409_365_362_358_380_377_42_47_355_19_24_349_313_79_80_118_124_116_278_275_273_372_306,395_7_340_27_72_409_365_362_358_380_377_42_47_355_19_24_349_313_79_80_118_124_116_278_275_273_372_306
395_7_340_27_72_409_365_362_358_380_377_42_47_355_19_24_349_313_79_81_117_301_382_275_273_372_306,395_7_340_27_72_409_365_362_358_380_377_42_47_355_19_24_349_313_79_80_118_124_116_278_275_273_372_306
395_7_340_27_72_409_365_362_358_380_377_42_47_355_19_24_349_313_79_81_117_301_382_275_273_372_306,395_7_340_27_72_409_365_362_358_380_377_42_47_355_19_24_349_313_79_80_118_124_116_278_275_273_372_306
395_7_340_27_72_409_365_362_358_380_377_42_47_355_19_24_349_313_79_80_118_124_116_278_275_273_372_306,395_7_340_27_72_409_365_362_358_380_377_42_47_355_19_24_349_313_79_80_118_124_116_278_275_273_372_306
395_7_340_27_72_409_365_362_358_380_377_42_47_355_19_24_349_313_79_80_118_124_116_278_275_273_372_306,395_7_340_27_72_409_365_362_358_380_377_42_47_355_19_24_349_313_79_80_118_124_116_278_275_273_372_306
395_7_340_27_72_409_365_362_358_380_377_42_47_355_19_24_349_313_79_81_117_301_382_275_273_372_306,395_7_340_27_72_409_365_362_358_380_377_42_47_355_19_24_349_313_79_80_118_124_116_278_275_273_372_306
395_7_340_27_72_409_365_362_358_380_377_42_47_355_19_24_349_313_79_81_117_301_382_275_273_372_306,395_7_340_27_72_409_365_362_358_380_377_42_47_355_19_24_349_313_79_80_118_124_116_278_275_273_372_306
395_7_340_27_72_409_365_362_358_380_377_42_47_355_19_24_349_313_79_80_118_124_116_278_275_273_372_306,395_7_340_27_72_409_365_362_358_380_377_42_47_355_19_24_349_313_79_80_118_124_116_278_275_273_372_306
395_7_340_27_72_409_365_362_358_380_377_42_47_355_19_24_349_313_79_81_117_301_382_275_273_372_306,395_7_340_27_72_409_365_362_358_380_377_42_47_355_19_24_349_313_79_80_118_124_116_278_275_273_372_306
395_7_340_27_72_409_365_362_358_380_377_42_47_355_19_24_349_313_79_80_118_124_116_278_275_273_372_306,395_7_340_27_72_409_365_362_358_380_377_42_47_355_19_24_349_313_79_80_118_124_116_278_275_273_372_306
395_7_340_27_72_409_365_362_358_380_377_42_47_355_19_24_349_313_79_81_117_301_382_275_273_372_306,395_7_340_27_72_409_365_362_358_380_377_42_47_355_19_24_349_313_79_80_118_124_116_278_275_273_372_306
400_286_235_246_34_33_31_357_40_50_19_24_349_313_79_81_117_301_382_275_273_372_306,400_286_235_246_34_33_31_357_40_50_19_24_349_313_79_80_118_124_116_278_275_273_372_306
105_112_114_116_278_275_274_308_386_397_385_90_89_281_324,105_112_114_116_278_275_273_372_306_0_365_362_358_380_377_42_47_355_20_23_73_22_329_88_0_365_362_358_380_377_42_47_355_20_23_73_22_329_88_0_365_362_358_380_377_42_47_355_20_23_73
395_7_340_27_72_409_365_362_358_380_377_42_47_355_20_23_73_22_329_89_281_324,395_7_340_27_72_409_365_362_358_380_377_42_47_355_20_23_73_22_329_89_281_325_0_365_362_358_380_377_42_47_355_20_23_73_22_329_89_281_325_0_365_362_358_380_377_42_47_355_20_23_73
15_34_33_31_357_40_50_20_23_73_22_329_89_281_325,15_34_33_31_357_40_50_20_23_73_22_329_88_0_365_362_358_380_377_42_47_355_20_23_73_22_329_88_0_365_362_358_380_377_42_47_355_20_23_73_22_329_88_0_365_362_358_380_377_42_47
16_238_400_286_235_246_34_33_31_357_40_50_20_23_73_22_329_89_281_325,16_238_400_286_235_246_34_33_31_357_40_50_20_23_73_22_329_88_0_365_362_358_380_377_42_47_355_20_23_73_22_329_88_0_365_362_358_380_377_42_47_355_20_23_73_22_329_88_0_365_362
144_211_202_235_246_34_33_31_357_40_50_20_23_73_22_329_89_281_325,144_211_202_235_246_34_33_31_357_40_50_20_23_73_22_329_88_0_365_362_358_380_377_42_47_355_20_23_73_22_329_88_0_365_362_358_380_377_42_47_355_20_23_73_22_329_88_0_365_362_358
149_176_177_189_190_211_202_235_246_34_33_31_357_40_50_20_23_73_22_329_89_281_325,149_176_177_189_190_211_202_235_246_34_33_31_357_40_50_20_23_73_22_329_88_0_365_362_358_380_377_42_47_355_20_23_73_22_329_88_0_365_362_358_380_377_42_47_355_20_23_73_22_329_88
157_176_177_189_190_211_202_235_246_34_33_31_357_40_50_20_23_73_22_329_89_281_325,157_176_177_189_190_211_202_235_246_34_33_31_357_40_50_20_23_73_22_329_88_0_365_362_358_380_377_42_47_355_20_23_73_22_329_88_0_365_362_358_380_377_42_47_355_20_23_73_22_329_88
176_177_189_190_211_202_235_246_34_33_31_357_40_50_20_23_73_22_329_89_281_325,176_177_189_190_211_202_235_246_34_33_31_357_40_50_20_23_73_22_329_88_0_365_362_358_380_377_42_47_355_20_23_73_22_329_88_0_365_362_358_380_377_42_47_355_20_23_73_22_329_88_0
176_177_189_190_211_202_235_246_34_33_31_357_40_50_20_23_73_22_329_89_281_325,176_177_189_190_211_202_235_246_34_33_31_357_40_50_20_23_73_22_329_88_0_365_362_358_380_377_42_47_355_20_23_73_22_329_88_0_365_362_358_380_377_42_47_355_20_23_73_22_329_88_0
202_235_246_34_33_31_357_40_50_20_23_73_22_329_89_281_325,202_235_246_34_33_31_357_40_50_20_23_73_22_329_88_0_365_362_358_380_377_42_47_355_20_23_73_22_329_88_0_365_362_358_380_377_42_47_355_20_23_73_22_329_88_0_365_362_358_380_377
211_202_235_246_34_33_31_357_40_50_20_23_73_22_329_89_281_325,211_202_235_246_34_33_31_357_40_50_20_23_73_22_329_88_0_365_362_358_380_377_42_47_355_20_23_73_22_329_88_0_365_362_358_380_377_42_47_355_20_23_73_22_329_88_0_365_362_358_380
211_202_235_246_34_33_31_357_40_50_20_23_73_22_329_89_281_325,211_202_235_246_34_33_31_357_40_50_20_23_73_22_329_88_0_365_362_358_380_377_42_47_355_20_23_73_22_329_88_0_365_362_358_380_377_42_47_355_20_23_73_22_329_88_0_365_362_358_380
211_202_235_246_34_33_31_357_40_50_20_23_73_22_329_89_281_325,211_202_235_246_34_33_31_357_40_50_20_23_73_22_329_88_0_365_362_358_380_377_42_47_355_20_23_73_22_329_88_0_365_362_358_380_377_42_47_355_20_23_73_22_329_88_0_365_362_358_380
235_246_34_33_31_357_40_50_20_23_73_22_329_89_281_325,235_246_34_33_31_357_40_50_20_23_73_22_329_88_0_365_362_358_380_377_42_47_355_20_23_73_22_329_88_0_365_362_358_380_377_42_47_355_20_23_73_22_329_88_0_365_362_358_380_377_42
238_400_286_235_246_34_33_31_357_40_50_20_23_73_22_329_89_281_325,238_400_286_235_246_34_33_31_357_40_50_20_23_73_22_329_88_0_365_362_358_380_377_42_47_355_20_23_73_22_329_88_0_365_362_358_380_377_42_47_355_20_23_73_22_329_88_0_365_362_358
238_400_286_235_246_34_33_31_357_40_50_20_23_73_22_329_89_281_325,238_400_286_235_246_34_33_31_357_40_50_20_23_73_22_329_88_0_365_362_358_380_377_42_47_355_20_23_73_22_329_88_0_365_362_358_380_377_42_47_355_20_23_73_22_329_88_0_365_362_358
246_34_33_31_357_40_50_20_23_73_22_329_89_281_325,246_34_33_31_357_40_50_20_23_73_22_329_88_0_365_362_358_380_377_42_47_355_20_23_73_22_329_88_0_365_362_358_380_377_42_47_355_20_23_73_22_329_88_0_365_362_358_380_377_42_47
246_34_33_31_357_40_50_20_23_73_22_329_89_281_325,246_34_33_31_357_40_50_20_23_73_22_329_88_0_365_362_358_380_377_42_47_355_20_23_73_22_329_88_0_365_362_358_380_377_42_47_355_20_23_73_22_329_88_0_365_362_358_380_377_42_47
246_34_33_31_357_40_50_20_23_73_22_329_89_281_325,246_34_33_31_357_40_50_20_23_73_22_329_88_0_365_362_358_380_377_42_47_355_20_23_73_22_329_88_0_365_362_358_380_377_42_47_355_20_23_73_22_329_88_0_365_362_358_380_377_42_47
286_235_246_34_33_31_357_40_50_20_23_73_22_329_89_281_325,286_235_246_34_33_31_357_40_50_20_23_73_22_329_88_0_365_362_358_380_377_42_47_355_20_23_73_22_329_88_0_365_362_358_380_377_42_47_355_20_23_73_22_329_88_0_365_362_358_380_377
324_326_280_397_385_91_85_314_347_83_78_50_20_23_73_22_329_89_281_325,324_326_279_281_325
345_169_369_168_374_156_157_176_177_189_190_211_202_235_246_34_33_31_357_40_50_20_23_73_22_329_89_281_325,345_169_369_168_374_156_157_176_177_189_190_211_202_235_246_34_33_31_357_40_50_20_23_73_22_329_88_0_365_362_358_380_377_42_47_355_20_23_73_22_329_88_0_365_362_358_380_377_42_47_355
345_169_369_168_374_156_157_176_177_189_190_211_202_235_246_34_33_31_357_40_50_20_23_73_22_329_89_281_325,345_169_369_168_374_156_157_176_177_189_190_211_202_235_246_34_33_31_357_40_50_20_23_73_22_329_88_0_365_362_358_380_377_42_47_355_20_23_73_22_329_88_0_365_362_358_380_377_42_47_355
345_169_369_168_374_156_157_176_177_189_190_211_202_235_246_34_33_31_357_40_50_20_23_73_22_329_89_281_325,345_169_369_168_374_156_157_176_177_189_190_211_202_235_246_34_33_31_357_40_50_20_23_73_22_329_88_0_365_362_358_380_377_42_47_355_20_23_73_22_329_88_0_365_362_358_380_377_42_47_355
345_169_369_168_374_156_157_176_177_189_190_211_202_235_246_34_33_31_357_40_50_20_23_73_22_329_89_281_325,345_169_369_168_374_156_157_176_177_189_190_211_202_235_246_34_33_31_357_40_50_20_23_73_22_329_88_0_365_362_358_380_377_42_47_355_20_23_73_22_329_88_0_365_362_358_380_377_42_47_355
345_169_369_168_374_156_157_176_177_189_190_211_202_235_246_34_33_31_357_40_50_20_23_73_22_329_89_281_325,345_169_369_168_374_156_157_176_177_189_190_211_202_235_246_34_33_31_357_40_50_20_23_73_22_329_88_0_365_362_358_380_377_42_47_355_20_23_73_22_329_88_0_365_362_358_380_377_42_47_355
345_169_369_168_374_156_157_176_177_189_190_211_202_235_246_34_33_31_357_40_50_20_23_73_22_329_89_281_325,345_169_369_168_374_156_157_176_177_189_190_211_202_235_246_34_33_31_357_40_50_20_23_73_22_329_88_0_365_362_358_380_377_42_47_355_20_23_73_22_329_88_0_365_362_358_380_377_42_47_355
345_169_369_168_374_156_157_176_177_189_190_211_202_235_246_34_33_31_357_40_50_20_23_73_22_329_89_281_325,345_169_369_168_374_156_157_176_177_189_190_211_202_235_246_34_33_31_357_40_50_20_23_73_22_329_88_0_365_362_358_380_377_42_47_355_20_23_73_22_329_88_0_365_362_358_380_377_42_47_355
345_169_369_168_374_156_157_176_177_189_190_211_202_235_246_34_33_31_357_40_50_20_23_73_22_329_89_281_325,345_169_369_168_374_156_157_176_177_189_190_211_202_235_246_34_33_31_357_40_50_20_23_73_22_329_88_0_365_362_358_380_377_42_47_355_20_23_73_22_329_88_0_365_362_358_380_377_42_47_355
345_169_369_168_374_156_157_176_177_189_190_211_202_235_246_34_33_31_357_40_50_20_23_73_22_329_89_281_325,345_169_369_168_374_156_157_176_177_189_190_211_202_235_246_34_33_31_357_40_50_20_23_73_22_329_88_0_365_362_358_380_377_42_47_355_20_23_73_22_329_88_0_365_362_358_380_377_42_47_355
345_169_369_168_374_156_157_176_177_189_190_211_202_235_246_34_33_31_357_40_50_20_23_73_22_329_89_281_325,345_169_369_168_374_156_157_176_177_189_190_211_202_235_246_34_33_31_357_40_50_20_23_73_22_329_88_0_365_362_358_380_377_42_47_355_20_23_73_22_329_88_0_365_362_358_380_377_42_47_355
345_169_369_168_374_156_157_176_177_189_190_211_202_235_246_34_33_31_357_40_50_20_23_73_22_329_89_281_325,345_169_369_168_374_156_157_176_177_189_190_211_202_235_246_34_33_31_357_40_50_20_23_73_22_329_88_0_365_362_358_380_377_42_47_355_20_23_73_22_329_88_0_365_362_358_380_377_42_47_355
345_169_369_168_374_156_157_176_177_189_190_211_202_235_246_34_33_31_357_40_50_20_23_73_22_329_89_281_325,345_169_369_168_374_156_157_176_177_189_190_211_202_235_246_34_33_31_357_40_50_20_23_73_22_329_88_0_365_362_358_380_377_42_47_355_20_23_73_22_329_88_0_365_362_358_380_377_42_47_355
367_400_286_235_246_34_33_31_357_40_50_20_23_73_22_329_89_281_325,367_400_286_235_246_34_33_31_357_40_50_20_23_73_22_329_88_0_365_362_358_380_377_42_47_355_20_23_73_22_329_88_0_365_362_358_380_377_42_47_355_20_23_73_22_329_88_0_365_362_358
367_400_286_235_246_34_33_31_357_40_50_20_23_73_22_329_89_281_325,367_400_286_235_246_34_33_31_357_40_50_20_23_73_22_329_88_0_365_362_358_380_377_42_47_355_20_23_73_22_329_88_0_365_362_358_380_377_42_47_355_20_23_73_22_329_88_0_365_362_358
367_400_286_235_246_34_33_31_357_40_50_20_23_73_22_329_89_281_325,367_400_286_235_246_34_33_31_357_40_50_20_23_73_22_329_88_0_365_362_358_380_377_42_47_355_20_23_73_22_329_88_0_365_362_358_380_377_42_47_355_20_23_73_22_329_88_0_365_362_358
390_344_168_374_156_157_176_177_189_190_211_202_235_246_34_33_31_357_40_50_20_23_73_22_329_89_281_325,390_344_168_374_156_157_176_177_189_190_211_202_235_246_34_33_31_357_40_50_20_23_73_22_329_88_0_365_362_358_380_377_42_47_355_20_23_73_22_329_88_0_365_362_358_380_377_42_47_355_20
390_344_168_374_156_157_176_177_189_190_211_202_235_246_34_33_31_357_40_50_20_23_73_22_329_89_281_325,390_344_168_374_156_157_176_177_188_147_0_365_362_358_380_377_42_47_355_20_23_73_22_329_88_0_365_362_358_380_377_42_47_355_20_23_73_22_329_88_0_365_362_358_380_377_42_47_355_20_23
395_7_340_27_72_409_365_362_358_380_377_42_47_355_20_23_73_22_329_89_281_325,395_7_340_27_72_409_365_362_358_380_377_42_47_355_20_23_73_22_329_88_0_365_362_358_380_377_42_47_355_20_23_73_22_329_88_0_365_362_358_380_377_42_47_355_20_23_73_22_329_88_0
395_7_340_27_72_409_365_362_358_380_377_42_47_355_20_23_73_22_329_89_281_325,395_7_340_27_72_409_365_362_358_380_377_42_47_355_20_23_73_22_329_88_0_365_362_358_380_377_42_47_355_20_23_73_22_329_88_0_365_362_358_380_377_42_47_355_20_23_73_22_329_88_0
395_7_340_27_72_409_365_362_358_380_377_42_47_355_20_23_73_22_329_89_281_325,395_7_340_27_72_409_365_362_358_380_377_42_47_355_20_23_73_22_329_88_0_365_362_358_380_377_42_47_355_20_23_73_22_329_88_0_365_362_358_380_377_42_47_355_20_23_73_22_329_88_0
395_7_340_27_72_409_365_362_358_380_377_42_47_355_20_23_73_22_329_89_281_325,395_7_340_27_72_409_365_362_358_380_377_42_47_355_20_23_73_22_329_88_0_365_362_358_380_377_42_47_355_20_23_73_22_329_88_0_365_362_358_380_377_42_47_355_20_23_73_22_329_88_0
400_286_235_246_34_33_31_357_40_50_20_23_73_22_329_89_281_325,400_286_235_246_34_33_31_357_40_50_20_23_73_22_329_88_0_365_362_358_380_377_42_47_355_20_23_73_22_329_88_0_365_362_358_380_377_42_47_355_20_23_73_22_329_88_0_365_362_358_380
400_286_235_246_34_33_31_357_40_50_20_23_73_22_329_89_281_325,400_286_235_246_34_33_31_357_40_50_20_23_73_22_329_88_0_365_362_358_380_377_42_47_355_20_23_73_22_329_88_0_365_362_358_380_377_42_47_355_20_23_73_22_329_88_0_365_362_358_380
400_286_235_246_34_33_31_357_40_50_20_23_73_22_329_89_281_325,400_286_235_246_34_33_31_357_40_50_20_23_73_22_329_88_0_365_362_358_380_377_42_47_355_20_23_73_22_329_88_0_365_362_358_380_377_42_47_355_20_23_73_22_329_88_0_365_362_358_380
400_286_235_246_34_33_31_357_40_50_20_23_73_22_329_89_281_325,400_286_235_246_34_33_31_357_40_50_20_23_73_22_329_88_0_365_362_358_380_377_42_47_355_20_23_73_22_329_88_0_365_362_358_380_377_42_47_355_20_23_73_22_329_88_0_365_362_358_380
400_286_235_246_34_33_31_357_40_50_20_23_73_22_329_89_281_325,400_286_235_246_34_33_31_357_40_50_20_23_73_22_329_88_0_365_362_358_380_377_42_47_355_20_23_73_22_329_88_0_365_362_358_380_377_42_47_355_20_23_73_22_329_88_0_365_362_358_380
345_169_369_168_374_156_157_176_177_189_190_211_202_235_246_34_33_31_357_40_50_20_23_73_22_329,345_169_369_168_374_156_157_176_177_189_190_211_202_235_246_34_33_31_357_40_50_20_23_73_22_329
345_169_369_168_374_156_157_176_177_189_190_211_202_235_246_34_33_31_357_40_49_364_48_44_51_330,345_169_369_168_374_156_157_176_177_189_190_211_202_235_246_34_33_31_356_35_338_362_358_380_377_41_377_41_377_41_377_41_377_41_377_41_377_41_377_41_377_41_377_41_377_41_377_41_377_41_377
324_326_280_397_385_91_85_314_347_83_78_49_364_46_41_379_38_35_337,324_326_280_397_385_91_85_314_347_83_77_75_309_356_35_338_362_358_380_377_41_377_41_377_41_377_41_377_41_377_41_377_41_377_41_377_41_377_41_377_41_377_41_377_41_377_41_377_41_377_41
345_169_369_168_374_156_157_176_177_189_190_211_202_235_246_34_33_31_357_40_50_19_24_348_347,345_169_369_168_374_156_157_176_177_189_190_211_202_235_246_34_33_31_357_40_50_20_23_73_22_329_88_0_365_362_358_380_377_41_377_41_377_41_377_41_377_41_377_41_377_41_377_41_377_41_377
345_169_369_168_374_156_157_176_177_189_190_211_202_235_246_34_33_31_357_40_50_19_24_349,345_169_369_168_374_156_157_176_177_189_190_211_202_235_246_34_33_31_357_40_50_20_23_73_22_329_88_0_365_362_358_380_377_42_47_355_20_23_73_22_329_88_0_365_362_358_380_377_42_47_355
390_344_168_374_156_157_176_177_189_190_211_202_235_246_34_33_31_357_40_49_363_355,390_344_168_374_156_157_176_177_189_190_211_202_235_246_34_33_31_357_40_50_20_23_73_22_329_88_0_365_361_352_1_127_409_365_361_352_1_127_409_365_361_352_1_127_409_365_361_352_1_127_409
345_169_369_168_374_156_157_176_177_189_190_211_202_235_246_34_33_31_356,345_169_369_168_374_156_157_176_177_189_190_211_202_235_246_34_33_31_356
345_169_369_168_374_156_157_176_177_189_190_211_202_235_246_34_33_31_356,345_169_369_168_374_156_157_176_177_189_190_211_202_235_246_34_33_31_356
324_326_280_397_385_91_85_314_347_83_77_75_310_236_376,324_326_280_397_385_91_85_314_347_83_77_75_310_236_376
324_326_280_397_385_91_85_314_347_83_77_75_310_236_376,324_326_280_397_385_91_85_314_347_83_77_75_310_236_376
324_326_280_397_385_91_85_314_347_83_77_75_310_236_376,324_326_280_397_385_91_85_314_347_83_77_75_310_236_376
390_344_168_374_156_157_176_177_189_190_211_202_235_246_34_33_30_236_376,390_344_168_374_156_157_176_177_189_190_211_202_235_246_34_33_30_236_376
345_169_369_168_374_156_157_176_177_189_190_211_202_235_246_34_33_31_357_40_50_19_24_349_313_79_81_117_302_389_382,345_169_369_168_374_156_157_176_177_189_190_211_202_235_246_34_33_31_357_40_50_20_23_73_22_329_88_0_365_362_358_380_377_42_47_355_20_23_73_22_329_88_0_365_362_358_380_377_42_47_355
395_7_340_27_72_409_365_362_358_380_377_42_47_355_20_23_73_21_84_81_117_301_382,395_7_340_27_72_409_365_362_358_380_377_42_47_355_20_23_73_22_329_88_0_365_362_358_380_377_42_47_355_20_23_73_22_329_88_0_365_362_358_380_377_42_47_355_20_23_73_22_329_88_0
395_7_340_27_72_409_365_362_358_380_377_42_47_355_19_24_349_313_79_81_117_301_382,395_7_340_27_72_409_365_362_358_380_377_42_47_355_20_23_73_22_329_88_0_365_362_358_380_377_42_47_355_20_23_73_22_329_88_0_365_362_358_380_377_42_47_355_20_23_73_22_329_88_0
395_7_340_27_72_409_365_362_358_380_377_42_47_355_19_24_349_313_79_81_117_301_382,395_7_340_27_72_409_365_362_358_380_377_42_47_355_20_23_73_22_329_88_0_365_362_358_380_377_42_47_355_20_23_73_22_329_88_0_365_362_358_380_377_42_47_355_20_23_73_22_329_88_0
395_7_340_27_72_409_365_362_358_380_377_42_47_355_19_24_349_313_79_81_117_301_382,395_7_340_27_72_409_365_362_358_380_377_42_47_355_20_23_73_22_329_88_0_365_362_358_380_377_42_47_355_20_23_73_22_329_88_0_365_362_358_380_377_42_47_355_20_23_73_22_329_88_0
15_34_33_30_236_376_231_198_196_195_180_315_185_179_418_251_164_174_159_167_166_391,15_34_32_13_15_34_32_13_15_34_32_13_15_34_32_13_15_34_32_13_15_34_32_13_15_34_32_13_15_34_32_13_15_34_32_13_15_34_32_13_15_34_32_13_15_34_32_13_15_34_32
15_34_33_30_236_376_231_198_196_195_180_315_185_179_418_251_164_174_159_167_166_391,15_34_32_13_15_34_32_13_15_34_32_13_15_34_32_13_15_34_32_13_15_34_32_13_15_34_32_13_15_34_32_13_15_34_32_13_15_34_32_13_15_34_32_13_15_34_32_13_15_34_32
34_33_30_236_376_231_198_196_195_180_315_185_179_418_251_164_174_159_167_166_391,34_33_30_236_376_231_198_196_195_180_315_185_179_418_251_164_174_159_167_166_391
55_132_134_52_360_0_366_351_248_30_236_376_231_198_196_195_180_315_185_179_418_251_164_174_159_167_166_391,55_132_134_52_360_0_366_351_248_30_236_376_231_198_196_195_180_315_185_179_418_251_164_174_159_167_166_391
55_132_134_52_360_0_366_351_248_30_236_376_231_198_196_195_180_315_185_179_418_251_164_174_159_167_166_391,55_132_134_52_360_0_366_351_248_30_236_376_231_198_196_195_180_315_185_179_418_251_164_174_159_167_166_391
55_132_134_52_360_0_366_351_248_30_236_376_231_198_196_195_180_315_185_179_418_251_164_174_159_167_166_391,55_132_134_52_360_0_366_351_248_30_236_376_231_198_196_195_180_315_185_179_418_251_164_174_159_167_166_391
206_196_195_180_315_185_179_418_251_164_174_159_167_166_391,206_196_195_180_315_185_179_418_251_164_174_159_167_166_391
236_376_231_198_196_195_180_315_185_179_418_251_164_174_159_167_166_391,236_376_231_198_196_195_180_315_185_179_418_251_164_174_159_167_166_391
238_400_287_200_208_145_146_148_227_151_152_153_155_164_174_159_167_166_391,238_400_287_200_208_145_146_148_227_151_152_153_155_164_174_159_167_166_391
238_400_287_200_208_145_146_148_227_151_152_153_155_164_174_159_167_166_391,238_400_287_200_208_145_146_148_227_151_152_153_155_164_174_159_167_166_391
283_21_85_314_347_83_77_75_310_236_376_231_198_196_195_180_315_185_179_418_251_164_174_159_167_166_391,283_21_85_314_347_83_77_75_310_236_376_231_198_196_195_180_315_185_179_418_251_164_174_159_167_166_391
283_21_85_314_347_83_77_75_310_236_376_231_198_196_195_180_315_185_179_418_251_164_174_159_167_166_391,283_21_85_314_347_83_77_75_310_236_376_231_198_196_195_180_315_185_179_418_251_164_174_159_167_166_391
287_200_208_145_146_148_227_151_152_153_155_164_174_159_167_166_391,287_200_208_145_146_148_227_151_152_153_155_164_174_159_167_166_391
324_326_280_397_385_91_85_314_347_83_77_75_310_236_376_231_198_196_195_180_315_185_179_418_251_164_174_159_167_166_391,324_326_280_397_385_91_85_314_347_83_77_75_310_236_376_231_198_196_195_180_315_185_179_418_251_164_174_159_167_166_391
366_351_248_30_236_376_231_198_196_195_180_315_185_179_418_251_164_174_159_167_166_391,366_351_248_30_236_376_231_198_196_195_180_315_185_179_418_251_164_174_159_167_166_391
367_400_287_200_208_145_146_148_227_151_152_153_155_164_174_159_167_166_391,367_400_287_200_208_145_146_148_227_151_152_153_155_164_174_159_167_166_391
367_400_287_200_208_145_146_148_227_151_152_153_155_164_174_159_167_166_391,367_400_287_200_208_145_146_148_227_151_152_153_155_164_174_159_167_166_391
367_400_287_200_208_145_146_148_227_151_152_153_155_164_174_159_167_166_391,367_400_287_200_208_145_146_148_227_151_152_153_155_164_174_159_167_166_391
376_231_198_196_195_180_315_185_179_418_251_164_174_159_167_166_391,376_231_198_196_195_180_315_185_179_418_251_164_174_159_167_166_391
400_287_200_208_145_146_148_227_151_152_153_155_164_174_159_167_166_391,400_287_200_208_145_146_148_227_151_152_153_155_164_174_159_167_166_391
400_287_200_208_145_146_148_227_151_152_153_155_164_174_159_167_166_391,400_287_200_208_145_146_148_227_151_152_153_155_164_174_159_167_166_391
400_287_200_208_145_146_148_227_151_152_153_155_164_174_159_167_166_391,400_287_200_208_145_146_148_227_151_152_153_155_164_174_159_167_166_391
15_34_33_30_236_376_231_198_196_195_180_315_185_179_418_251_164_174_159_167_166_392,15_34_33_30_236_376_231_198_196_195_180_315_185_179_418_251_164_174_159_167_166_392
15_34_33_30_236_376_231_198_196_195_180_315_185_179_418_251_164_174_159_167_166_392,15_34_33_30_236_376_231_198_196_195_180_315_185_179_418_251_164_174_159_167_166_392
21_85_314_347_83_77_75_310_236_376_231_198_196_195_180_315_185_179_418_251_164_174_159_167_166_392,21_85_314_347_83_77_75_310_236_376_231_198_196_195_180_315_185_179_418_251_164_174_159_167_166_392
30_236_376_231_198_196_195_180_315_185_179_418_251_164_174_159_167_166_392,30_236_376_231_198_196_195_180_315_185_179_418_251_164_174_159_167_166_392
30_236_376_231_198_196_195_180_315_185_179_418_251_164_174_159_167_166_392,30_236_376_231_198_196_195_180_315_185_179_418_251_164_174_159_167_166_392
30_236_376_231_198_196_195_180_315_185_179_418_251_164_174_159_167_166_392,30_236_376_231_198_196_195_180_315_185_179_418_251_164_174_159_167_166_392
30_236_376_231_198_196_195_180_315_185_179_418_251_164_174_159_167_166_392,30_236_376_231_198_196_195_180_315_185_179_418_251_164_174_159_167_166_392
48_45_43_38_36_248_30_236_376_231_198_196_195_180_315_185_179_418_251_164_174_159_167_166_392,48_45_42_47_355_20_23_73_21_85_314_347_83_77_75_310_236_376_231_198_196_195_180_315_185_179_418_251_164_174_159_167_166_392
55_132_134_52_360_0_366_351_248_30_236_376_231_198_196_195_180_315_185_179_418_251_164_174_159_167_166_392,55_132_134_52_360_0_366_351_248_30_236_376_231_198_196_195_180_315_185_179_418_251_164_174_159_167_166_392
55_132_134_52_360_0_366_351_248_30_236_376_231_198_196_195_180_315_185_179_418_251_164_174_159_167_166_392,55_132_134_52_360_0_366_351_248_30_236_376_231_198_196_195_180_315_185_179_418_251_164_174_159_167_166_392
55_132_134_52_360_0_366_351_248_30_236_376_231_198_196_195_180_315_185_179_418_251_164_174_159_167_166_392,55_132_134_52_360_0_366_351_248_30_236_376_231_198_196_195_180_315_185_179_418_251_164_174_159_167_166_392
55_132_134_52_360_0_366_351_248_30_236_376_231_198_196_195_180_315_185_179_418_251_164_174_159_167_166_392,55_132_134_52_360_0_366_351_248_30_236_376_231_198_196_195_180_315_185_179_418_251_164_174_159_167_166_392
55_132_134_52_360_0_366_351_248_30_236_376_231_198_196_195_180_315_185_179_418_251_164_174_159_167_166_392,55_132_134_52_360_0_366_351_248_30_236_376_231_198_196_195_180_315_185_179_418_251_164_174_159_167_166_392
144_210_191_193_180_315_185_179_418_251_164_174_159_167_166_392,144_210_191_193_180_315_185_179_418_251_164_174_159_167_166_392
144_210_191_193_180_315_185_179_418_251_164_174_159_167_166_392,144_210_191_193_180_315_185_179_418_251_164_174_159_167_166_392
144_210_191_193_180_315_185_179_418_251_164_174_159_167_166_392,144_210_191_193_180_315_185_179_418_251_164_174_159_167_166_392
144_210_191_193_180_315_185_179_418_251_164_174_159_167_166_392,144_210_191_193_180_315_185_179_418_251_164_174_159_167_166_392
144_210_191_193_180_315_185_179_418_251_164_174_159_167_166_392,144_210_191_193_180_315_185_179_418_251_164_174_159_167_166_392
176_177_189_191_193_180_315_185_179_418_251_164_174_159_167_166_392,176_177_189_191_193_180_315_185_179_418_251_164_174_159_167_166_392
198_196_195_180_315_185_179_418_251_164_174_159_167_166_392,198_196_195_180_315_185_179_418_251_164_174_159_167_166_392
200_208_145_146_148_227_151_152_153_155_164_174_159_167_166_392,200_208_145_146_148_227_151_152_153_155_164_174_159_167_166_392
206_196_195_180_315_185_179_418_251_164_174_159_167_166_392,206_196_195_180_315_185_179_418_251_164_174_159_167_166_392
206_196_195_180_315_185_179_418_251_164_174_159_167_166_392,206_196_195_180_315_185_179_418_251_164_174_159_167_166_392
206_196_195_180_315_185_179_418_251_164_174_159_167_166_392,206_196_195_180_315_185_179_418_251_164_174_159_167_166_392
206_196_195_180_315_185_179_418_251_164_174_159_167_166_392,206_196_195_180_315_185_179_418_251_164_174_159_167_166_392
206_196_195_180_315_185_179_418_251_164_174_159_167_166_392,206_196_195_180_315_185_179_418_251_164_174_159_167_166_392
206_196_195_180_315_185_179_418_251_164_174_159_167_166_392,206_196_195_180_315_185_179_418_251_164_174_159_167_166_392
206_196_195_180_315_185_179_418_251_164_174_159_167_166_392,206_196_195_180_315_185_179_418_251_164_174_159_167_166_392
236_376_231_198_196_195_180_315_185_179_418_251_164_174_159_167_166_392,236_376_231_198_196_195_180_315_185_179_418_251_164_174_159_167_166_392
236_376_231_198_196_195_180_315_185_179_418_251_164_174_159_167_166_392,236_376_231_198_196_195_180_315_185_179_418_251_164_174_159_167_166_392
238_400_287_200_208_145_146_148_227_151_152_153_155_164_174_159_167_166_392,238_400_287_200_208_145_146_148_227_151_152_153_155_164_174_159_167_166_392
245_238_400_287_200_208_145_146_148_227_151_152_153_155_164_174_159_167_166_392,245_238_400_287_200_208_145_146_148_227_151_152_153_155_164_174_159_167_166_392
248_30_236_376_231_198_196_195_180_315_185_179_418_251_164_174_159_167_166_392,248_30_236_376_231_198_196_195_180_315_185_179_418_251_164_174_159_167_166_392
248_30_236_376_231_198_196_195_180_315_185_179_418_251_164_174_159_167_166_392,248_30_236_376_231_198_196_195_180_315_185_179_418_251_164_174_159_167_166_392
248_30_236_376_231_198_196_195_180_315_185_179_418_251_164_174_159_167_166_392,248_30_236_376_231_198_196_195_180_315_185_179_418_251_164_174_159_167_166_392
248_30_236_376_231_198_196_195_180_315_185_179_418_251_164_174_159_167_166_392,248_30_236_376_231_198_196_195_180_315_185_179_418_251_164_174_159_167_166_392
283_21_85_314_347_83_77_75_310_236_376_231_198_196_195_180_315_185_179_418_251_164_174_159_167_166_392,283_21_85_314_347_83_77_75_310_236_376_231_198_196_195_180_315_185_179_418_251_164_174_159_167_166_392
300_198_196_195_180_315_185_179_418_251_164_174_159_167_166_392,300_198_196_195_180_315_185_179_418_251_164_174_159_167_166_392
300_198_196_195_180_315_185_179_418_251_164_174_159_167_166_392,300_198_196_195_180_315_185_179_418_251_164_174_159_167_166_392
310_236_376_231_198_196_195_180_315_185_179_418_251_164_174_159_167_166_392,310_236_376_231_198_196_195_180_315_185_179_418_251_164_174_159_167_166_392
323_28_143_65_27_72_409_366_351_248_30_236_376_231_198_196_195_180_315_185_179_418_251_164_174_159_167_166_392,323_28_143_65_27_72_409_366_351_248_30_236_376_231_198_196_195_180_315_185_179_418_251_164_174_159_167_166_392
324_326_280_397_385_91_85_314_347_83_77_75_310_236_376_231_198_196_195_180_315_185_179_418_251_164_174_159_167_166_392,324_326_280_397_385_91_85_314_347_83_77_75_310_236_376_231_198_196_195_180_315_185_179_418_251_164_174_159_167_166_392
324_326_280_397_385_91_85_314_347_83_77_75_310_236_376_231_198_196_195_180_315_185_179_418_251_164_174_159_167_166_392,324_326_280_397_385_91_85_314_347_83_77_75_310_236_376_231_198_196_195_180_315_185_179_418_251_164_174_159_167_166_392
324_326_280_397_385_91_85_314_347_83_77_75_310_236_376_231_198_196_195_180_315_185_179_418_251_164_174_159_167_166_392,324_326_280_397_385_91_85_314_347_83_77_75_310_236_376_231_198_196_195_180_315_185_179_418_251_164_174_159_167_166_392
324_326_280_397_385_91_85_314_347_83_77_75_310_236_376_231_198_196_195_180_315_185_179_418_251_164_174_159_167_166_392,324_326_280_397_385_91_85_314_347_83_77_75_310_236_376_231_198_196_195_180_315_185_179_418_251_164_174_159_167_166_392
324_326_280_397_385_91_85_314_347_83_77_75_310_236_376_231_198_196_195_180_315_185_179_418_251_164_174_159_167_166_392,324_326_280_397_385_91_85_314_347_83_77_75_310_236_376_231_198_196_195_180_315_185_179_418_251_164_174_159_167_166_392
326_280_397_385_91_85_314_347_83_77_75_310_236_376_231_198_196_195_180_315_185_179_418_251_164_174_159_167_166_392,326_280_397_385_91_85_314_347_83_77_75_310_236_376_231_198_196_195_180_315_185_179_418_251_164_174_159_167_166_392
331_52_360_0_366_351_248_30_236_376_231_198_196_195_180_315_185_179_418_251_164_174_159_167_166_392,331_52_360_0_366_351_248_30_236_376_231_198_196_195_180_315_185_179_418_251_164_174_159_167_166_392
331_52_360_0_366_351_248_30_236_376_231_198_196_195_180_315_185_179_418_251_164_174_159_167_166_392,331_52_360_0_366_351_248_30_236_376_231_198_196_195_180_315_185_179_418_251_164_174_159_167_166_392
331_52_360_0_366_351_248_30_236_376_231_198_196_195_180_315_185_179_418_251_164_174_159_167_166_392,331_52_360_0_366_351_248_30_236_376_231_198_196_195_180_315_185_179_418_251_164_174_159_167_166_392
331_52_360_0_366_351_248_30_236_376_231_198_196_195_180_315_185_179_418_251_164_174_159_167_166_392,331_52_360_0_366_351_248_30_236_376_231_198_196_195_180_315_185_179_418_251_164_174_159_167_166_392
336_231_198_196_195_180_315_185_179_418_251_164_174_159_167_166_392,336_231_198_196_195_180_315_185_179_418_251_164_174_159_167_166_392
351_248_30_236_376_231_198_196_195_180_315_185_179_418_251_164_174_159_167_166_392,351_248_30_236_376_231_198_196_195_180_315_185_179_418_251_164_174_159_167_166_392
366_351_248_30_236_376_231_198_196_195_180_315_185_179_418_251_164_174_159_167_166_392,366_351_248_30_236_376_231_198_196_195_180_315_185_179_418_251_164_174_159_167_166_392
367_400_287_200_208_145_146_148_227_151_152_153_155_164_174_159_167_166_392,367_400_287_200_208_145_146_148_227_151_152_153_155_164_174_159_167_166_392
367_400_287_200_208_145_146_148_227_151_152_153_155_164_174_159_167_166_392,367_400_287_200_208_145_146_148_227_151_152_153_155_164_174_159_167_166_392
367_400_287_200_208_145_146_148_227_151_152_153_155_164_174_159_167_166_392,367_400_287_200_208_145_146_148_227_151_152_153_155_164_174_159_167_166_392
376_231_198_196_195_180_315_185_179_418_251_164_174_159_167_166_392,376_231_198_196_195_180_315_185_179_418_251_164_174_159_167_166_392
390_344_168_374_156_157_176_177_189_191_193_180_315_185_179_418_251_164_174_159_167_166_392,390_344_168_374_155_164_174_159_167_166_392
390_344_168_374_156_157_176_177_189_191_193_180_315_185_179_418_251_164_174_159_167_166_392,390_344_168_374_155_164_174_159_167_166_392
393_95_376_231_198_196_195_180_315_185_179_418_251_164_174_159_167_166_392,393_94_310_236_376_231_198_196_195_180_315_185_179_418_251_164_174_159_167_166_392
395_7_340_27_72_409_366_351_248_30_236_376_231_198_196_195_180_315_185_179_418_251_164_174_159_167_166_392,395_7_340_27_72_409_366_351_248_30_236_376_231_198_196_195_180_315_185_179_418_251_164_174_159_167_166_392
395_7_340_27_72_409_366_351_248_30_236_376_231_198_196_195_180_315_185_179_418_251_164_174_159_167_166_392,395_7_340_27_72_409_366_351_248_30_236_376_231_198_196_195_180_315_185_179_418_251_164_174_159_167_166_392
400_287_200_208_145_146_148_227_151_152_153_155_164_174_159_167_166_392,400_287_200_208_145_146_148_227_151_152_153_155_164_174_159_167_166_392
400_287_200_208_145_146_148_227_151_152_153_155_164_174_159_167_166_392,400_287_200_208_145_146_148_227_151_152_153_155_164_174_159_167_166_392
400_287_200_208_145_146_148_227_151_152_153_155_164_174_159_167_166_392,400_287_200_208_145_146_148_227_151_152_153_155_164_174_159_167_166_392
400_287_200_208_145_146_148_227_151_152_153_155_164_174_159_167_166_392,400_287_200_208_145_146_148_227_151_152_153_155_164_174_159_167_166_392
400_287_200_208_145_146_148_227_151_152_153_155_164_174_159_167_166_392,400_287_200_208_145_146_148_227_151_152_153_155_164_174_159_167_166_392
404_55_132_134_52_360_0_366_351_248_30_236_376_231_198_196_195_180_315_185_179_418_251_164_174_159_167_166_392,404_55_132_134_52_360_0_366_351_248_30_236_376_231_198_196_195_180_315_185_179_418_251_164_174_159_167_166_392
374_156_157_176_177_189_190_211_202_235_246_34_33_31_357_40_50_20_23_73_21_84_81_117_302_388_387_403_398,374_156_157_176_177_189_190_211_202_235_246_34_33_31_357_40_50_19_24_349_313_79_81_117_301_382_275_273_372_306_0_365_362_358_380_377_42_47_355_19_24_349_313_79_81_117_301_382_275_273_372
324_326_280_397_385_91_85_314_347_83_77_75_310_237_233_235_245_238_399,324_326_280_397_385_90_88_0_366_351_248_30_237_233_235_245_239_240_0_366_351_248_30_237_233_235_245_239_240_0_366_351_248_30_237_233_235_245_239_240_0_366_351_248_30_237_233_235_245_239_240
324_326_280_397_385_91_85_314_347_83_77_75_310_237_233_235_245_238_399,324_326_280_397_385_90_88_0_365_361_352_1_127_409_366_351_248_30_237_233_235_245_239_240_0_365_361_352_1_127_409_366_351_248_30_237_233_235_245_239_240_0_365_361_352_1_127_409_366_351_248
324_326_280_397_385_91_85_314_347_83_77_75_310_237_233_235_245_238_399,324_326_280_397_385_90_88_0_366_351_248_30_237_233_235_245_239_240_0_366_351_248_30_237_233_235_245_239_240_0_366_351_248_30_237_233_235_245_239_240_0_366_351_248_30_237_233_235_245_239_240
324_326_280_397_385_91_85_314_347_83_77_75_310_237_233_235_245_238_400,324_326_280_397_385_91_85_314_347_83_77_75_310_237_233_235_245_239_240_0_366_351_248_30_237_233_235_245_239_240_0_366_351_248_30_237_233_235_245_239_240_0_366_351_248_30_237_233_235_245_239
324_326_280_397_385_91_85_314_347_83_77_75_310_236_376_231_198_196_195_180_315_185_179_418_251_163_258_162_415,324_326_280_397_385_90_88_0_366_351_248_30_236_376_231_198_196_195_180_315_185_179_418_251_163_258_162_415
324_326_280_397_385_91_85_314_347_83_77_75_310_236_376_231_198_196_195_180_315_185_179_418_251_163_258_162_415,324_326_280_397_385_90_88_0_366_351_248_30_236_376_231_198_196_195_180_315_185_179_418_251_163_258_162_415
15_34_33_30_236_376_231_198_196_195_180_315_185_179_417,15_34_33_30_236_376_231_198_196_195_180_315_185_179_417
283_21_85_314_347_83_77_75_310_236_376_231_198_196_195_180_315_185_179_417,283_21_85_314_347_83_77_75_310_236_376_231_198_196_195_180_315_185_179_418_251_164_174_159_167_166_391_0_366_351_248_30_236_376_231_198_196_195_180_315_185_179_418_251_164_174_159_167_166_391_0
324_326_280_397_385_91_85_314_347_83_77_75_310_236_376_231_198_196_195_180_315_185_179_417,324_326_280_397_385_90_88_0_366_351_248_30_236_376_231_198_196_195_180_315_185_179_418_251_163_259_256_255_159_167_166_391_0_366_351_248_30_236_376_231_198_196_195_180_315_185_179_418_251_163_259
324_326_280_397_385_91_85_314_347_83_77_75_310_236_376_231_198_196_195_180_315_185_179_417,324_326_280_397_385_90_88_0_366_351_248_30_236_376_231_198_196_195_180_315_185_179_418_251_164_174_159_167_166_391_0_366_351_248_30_236_376_231_198_196_195_180_315_185_179_418_251_164_174_159_167
324_326_280_397_385_91_85_314_347_83_77_75_310_236_376_231_198_196_195_180_315_185_179_417,324_326_280_397_385_90_88_0_366_351_248_30_236_376_231_198_196_195_180_315_185_179_418_251_164_174_159_167_166_391_0_366_351_248_30_236_376_231_198_196_195_180_315_185_179_418_251_164_174_159_167
324_326_280_397_385_91_85_314_347_83_77_75_310_236_376_231_198_196_195_180_315_185_179_417,324_326_280_397_385_90_88_0_366_351_248_30_236_376_231_198_196_195_180_315_185_179_418_251_164_174_159_167_166_391_0_366_351_248_30_236_376_231_198_196_195_180_315_185_179_418_251_164_174_159_167
