Test Trajectory,Test Trajectory Timestep,Learner Trajectory,Learner Trajectory Timestep
19_24_348_347_83_77_75_310_237_233_234_200_208_145_146_148_227_151_152_154_4,10,19_24_349_314_347_83_77_75_310_237_233_234_200_208_145_146_148_227_151_152_154_4,10
48_45_43_37_39_75_310_237_233_234_200_208_145_146_148_227_151_152_154_4,10,48_45_42_47_355_20_23_73_22_329_88_0_366_351_248_30_237_233_234_200_208_145_146_148_227_151_152_154_4,10
52_360_0_366_351_248_30_237_233_234_200_208_145_146_148_227_151_152_154_4,10,52_360_0_366_351_248_30_237_233_234_200_208_145_146_148_227_151_152_154_4,10
75_310_237_233_234_200_208_145_146_148_227_151_152_154_4,10,75_310_237_233_234_200_208_145_146_148_227_151_152_154_4,10
77_75_310_237_233_234_200_208_145_146_148_227_151_152_154_4,11,77_75_310_237_233_234_200_208_145_146_148_227_151_152_154_4,11
85_314_347_83_77_75_310_237_233_234_200_208_145_146_148_227_151_152_154_4,10,85_314_347_83_77_75_310_237_233_234_200_208_145_146_148_227_151_152_154_4,10
91_85_314_347_83_77_75_310_237_233_234_200_208_145_146_148_227_151_152_154_4,10,91_85_314_347_83_77_75_310_237_233_234_200_208_145_146_148_227_151_152_154_4,10
93_77_75_310_237_233_234_200_208_145_146_148_227_151_152_154_4,13,93_77_75_310_237_233_234_200_208_145_146_148_227_151_152_154_4,13
94_310_237_233_234_200_208_145_146_148_227_151_152_154_4,12,94_310_237_233_234_200_208_145_146_148_227_151_152_154_4,12
280_397_385_91_85_314_347_83_77_75_310_237_233_234_200_208_145_146_148_227_151_152_154_4,10,280_397_385_91_85_314_347_83_77_75_310_237_233_234_200_208_145_146_148_227_151_152_154_4,10
280_397_385_91_85_314_347_83_77_75_310_237_233_234_200_208_145_146_148_227_151_152_154_4,10,280_397_385_91_85_314_347_83_77_75_310_237_233_234_200_208_145_146_148_227_151_152_154_4,10
280_397_385_91_85_314_347_83_77_75_310_237_233_234_200_208_145_146_148_227_151_152_154_4,10,280_397_385_91_85_314_347_83_77_75_310_237_233_234_200_208_145_146_148_227_151_152_154_4,10
283_21_85_314_347_83_77_75_310_237_233_234_200_208_145_146_148_227_151_152_154_4,11,283_22_329_88_0_366_351_248_30_237_233_234_200_208_145_146_148_227_151_152_154_4,11
283_21_85_314_347_83_77_75_310_237_233_234_200_208_145_146_148_227_151_152_154_4,13,283_22_329_88_0_366_351_248_30_237_233_234_200_208_145_146_148_227_151_152_154_4,13
324_326_280_397_385_91_85_314_347_83_77_75_310_237_233_234_200_208_145_146_148_227_151_152_154_4,10,324_326_280_397_385_91_85_314_347_83_77_75_310_237_233_234_200_208_145_146_148_227_151_152_154_4,10
324_326_280_397_385_91_85_314_347_83_77_75_310_237_233_234_200_208_145_146_148_227_151_152_154_4,10,324_326_280_397_385_91_85_314_347_83_77_75_310_237_233_234_200_208_145_146_148_227_151_152_154_4,10
324_326_280_397_385_91_85_314_347_83_77_75_310_237_233_234_200_208_145_146_148_227_151_152_154_4,10,324_326_280_397_385_91_85_314_347_83_77_75_310_237_233_234_200_208_145_146_148_227_151_152_154_4,10
324_326_280_397_385_91_85_314_347_83_77_75_310_237_233_234_200_208_145_146_148_227_151_152_154_4,10,324_326_280_397_385_91_85_314_347_83_77_75_310_237_233_234_200_208_145_146_148_227_151_152_154_4,10
324_326_280_397_385_91_85_314_347_83_77_75_310_237_233_234_200_208_145_146_148_227_151_152_154_4,10,324_326_280_397_385_91_85_314_347_83_77_75_310_237_233_234_200_208_145_146_148_227_151_152_154_4,10
324_326_280_397_385_91_85_314_347_83_77_75_310_237_233_234_200_208_145_146_148_227_151_152_154_4,10,324_326_280_397_385_91_85_314_347_83_77_75_310_237_233_234_200_208_145_146_148_227_151_152_154_4,10
324_326_280_397_385_91_85_314_347_83_77_75_310_237_233_234_200_208_145_146_148_227_151_152_154_4,10,324_326_280_397_385_91_85_314_347_83_77_75_310_237_233_234_200_208_145_146_148_227_151_152_154_4,10
324_326_280_397_385_91_85_314_347_83_77_75_310_237_233_234_200_208_145_146_148_227_151_152_154_4,10,324_326_280_397_385_91_85_314_347_83_77_75_310_237_233_234_200_208_145_146_148_227_151_152_154_4,10
324_326_280_397_385_91_85_314_347_83_77_75_310_237_233_234_200_208_145_146_148_227_151_152_154_4,10,324_326_280_397_385_91_85_314_347_83_77_75_310_237_233_234_200_208_145_146_148_227_151_152_154_4,10
324_326_280_397_385_91_85_314_347_83_77_75_310_237_233_234_200_208_145_146_148_227_151_152_154_4,10,324_326_280_397_385_91_85_314_347_83_77_75_310_237_233_234_200_208_145_146_148_227_151_152_154_4,10
324_326_280_397_385_91_85_314_347_83_77_75_310_237_233_234_200_208_145_146_148_227_151_152_154_4,10,324_326_280_397_385_91_85_314_347_83_77_75_310_237_233_234_200_208_145_146_148_227_151_152_154_4,10
324_326_280_397_385_91_85_314_347_83_77_75_310_237_233_234_200_208_145_146_148_227_151_152_154_4,10,324_326_280_397_385_91_85_314_347_83_77_75_310_237_233_234_200_208_145_146_148_227_151_152_154_4,10
324_326_280_397_385_91_85_314_347_83_77_75_310_237_233_234_200_208_145_146_148_227_151_152_154_4,10,324_326_280_397_385_91_85_314_347_83_77_75_310_237_233_234_200_208_145_146_148_227_151_152_154_4,10
324_326_280_397_385_91_85_314_347_83_77_75_310_237_233_234_200_208_145_146_148_227_151_152_154_4,11,324_326_280_397_385_90_88_0_366_351_248_30_237_233_234_200_208_145_146_148_227_151_152_154_4,11
324_326_280_397_385_91_85_314_347_83_77_75_310_237_233_234_200_208_145_146_148_227_151_152_154_4,11,324_326_280_397_385_90_88_0_366_351_248_30_237_233_234_200_208_145_146_148_227_151_152_154_4,11
324_326_280_397_385_91_85_314_347_83_77_75_310_237_233_234_200_208_145_146_148_227_151_152_154_4,11,324_326_280_397_385_90_88_0_366_351_248_30_237_233_234_200_208_145_146_148_227_151_152_154_4,11
324_326_280_397_385_91_85_314_347_83_77_75_310_237_233_234_200_208_145_146_148_227_151_152_154_4,11,324_326_280_397_385_90_88_0_366_351_248_30_237_233_234_200_208_145_146_148_227_151_152_154_4,11
324_326_280_397_385_91_85_314_347_83_77_75_310_237_233_234_200_208_145_146_148_227_151_152_154_4,11,324_326_280_397_385_90_88_0_366_351_248_30_237_233_234_200_208_145_146_148_227_151_152_154_4,11
324_326_280_397_385_91_85_314_347_83_77_75_310_237_233_234_200_208_145_146_148_227_151_152_154_4,11,324_326_280_397_385_90_88_0_366_351_248_30_237_233_234_200_208_145_146_148_227_151_152_154_4,11
324_326_280_397_385_91_85_314_347_83_77_75_310_237_233_234_200_208_145_146_148_227_151_152_154_4,11,324_326_280_397_385_90_88_0_366_351_248_30_237_233_234_200_208_145_146_148_227_151_152_154_4,11
324_326_280_397_385_91_85_314_347_83_77_75_310_237_233_234_200_208_145_146_148_227_151_152_154_4,11,324_326_280_397_385_90_88_0_366_351_248_30_237_233_234_200_208_145_146_148_227_151_152_154_4,11
324_326_280_397_385_91_85_314_347_83_77_75_310_237_233_234_200_208_145_146_148_227_151_152_154_4,11,324_326_280_397_385_90_88_0_366_351_248_30_237_233_234_200_208_145_146_148_227_151_152_154_4,11
324_326_280_397_385_91_85_314_347_83_77_75_310_237_233_234_200_208_145_146_148_227_151_152_154_4,11,324_326_280_397_385_90_88_0_366_351_248_30_237_233_234_200_208_145_146_148_227_151_152_154_4,11
324_326_280_397_385_91_85_314_347_83_77_75_310_237_233_234_200_208_145_146_148_227_151_152_154_4,12,324_326_280_397_385_91_85_314_347_83_77_75_310_237_233_234_200_208_145_146_148_227_151_152_154_4,12
324_326_280_397_385_91_85_314_347_83_77_75_310_237_233_234_200_208_145_146_148_227_151_152_154_4,12,324_326_280_397_385_91_85_314_347_83_77_75_310_237_233_234_200_208_145_146_148_227_151_152_154_4,12
324_326_280_397_385_91_85_314_347_83_77_75_310_237_233_234_200_208_145_146_148_227_151_152_154_4,12,324_326_280_397_385_91_85_314_347_83_77_75_310_237_233_234_200_208_145_146_148_227_151_152_154_4,12
324_326_280_397_385_91_85_314_347_83_77_75_310_237_233_234_200_208_145_146_148_227_151_152_154_4,12,324_326_280_397_385_91_85_314_347_83_77_75_310_237_233_234_200_208_145_146_148_227_151_152_154_4,12
324_326_280_397_385_91_85_314_347_83_77_75_310_237_233_234_200_208_145_146_148_227_151_152_154_4,12,324_326_280_397_385_91_85_314_347_83_77_75_310_237_233_234_200_208_145_146_148_227_151_152_154_4,12
324_326_280_397_385_91_85_314_347_83_77_75_310_237_233_234_200_208_145_146_148_227_151_152_154_4,12,324_326_280_397_385_91_85_314_347_83_77_75_310_237_233_234_200_208_145_146_148_227_151_152_154_4,12
324_326_280_397_385_91_85_314_347_83_77_75_310_237_233_234_200_208_145_146_148_227_151_152_154_4,12,324_326_280_397_385_91_85_314_347_83_77_75_310_237_233_234_200_208_145_146_148_227_151_152_154_4,12
324_326_280_397_385_91_85_314_347_83_77_75_310_237_233_234_200_208_145_146_148_227_151_152_154_4,12,324_326_280_397_385_91_85_314_347_83_77_75_310_237_233_234_200_208_145_146_148_227_151_152_154_4,12
324_326_280_397_385_91_85_314_347_83_77_75_310_237_233_234_200_208_145_146_148_227_151_152_154_4,12,324_326_280_397_385_91_85_314_347_83_77_75_310_237_233_234_200_208_145_146_148_227_151_152_154_4,12
324_326_280_397_385_91_85_314_347_83_77_75_310_237_233_234_200_208_145_146_148_227_151_152_154_4,12,324_326_280_397_385_91_85_314_347_83_77_75_310_237_233_234_200_208_145_146_148_227_151_152_154_4,12
324_326_280_397_385_91_85_314_347_83_77_75_310_237_233_234_200_208_145_146_148_227_151_152_154_4,13,324_326_280_397_385_91_85_314_347_83_77_75_310_237_233_234_200_208_145_146_148_227_151_152_154_4,13
324_326_280_397_385_91_85_314_347_83_77_75_310_237_233_234_200_208_145_146_148_227_151_152_154_4,13,324_326_280_397_385_91_85_314_347_83_77_75_310_237_233_234_200_208_145_146_148_227_151_152_154_4,13
324_326_280_397_385_91_85_314_347_83_77_75_310_237_233_234_200_208_145_146_148_227_151_152_154_4,13,324_326_280_397_385_91_85_314_347_83_77_75_310_237_233_234_200_208_145_146_148_227_151_152_154_4,13
324_326_280_397_385_91_85_314_347_83_77_75_310_237_233_234_200_208_145_146_148_227_151_152_154_4,13,324_326_280_397_385_91_85_314_347_83_77_75_310_237_233_234_200_208_145_146_148_227_151_152_154_4,13
324_326_280_397_385_91_85_314_347_83_77_75_310_237_233_234_200_208_145_146_148_227_151_152_154_4,13,324_326_280_397_385_91_85_314_347_83_77_75_310_237_233_234_200_208_145_146_148_227_151_152_154_4,13
324_326_280_397_385_91_85_314_347_83_77_75_310_237_233_234_200_208_145_146_148_227_151_152_154_4,13,324_326_280_397_385_91_85_314_347_83_77_75_310_237_233_234_200_208_145_146_148_227_151_152_154_4,13
324_326_280_397_385_91_85_314_347_83_77_75_310_237_233_234_200_208_145_146_148_227_151_152_154_4,13,324_326_280_397_385_91_85_314_347_83_77_75_310_237_233_234_200_208_145_146_148_227_151_152_154_4,13
324_326_280_397_385_91_85_314_347_83_77_75_310_237_233_234_200_208_145_146_148_227_151_152_154_4,13,324_326_280_397_385_91_85_314_347_83_77_75_310_237_233_234_200_208_145_146_148_227_151_152_154_4,13
324_326_280_397_385_91_85_314_347_83_77_75_310_237_233_234_200_208_145_146_148_227_151_152_154_4,13,324_326_280_397_385_91_85_314_347_83_77_75_310_237_233_234_200_208_145_146_148_227_151_152_154_4,13
324_326_280_397_385_91_85_314_347_83_77_75_310_237_233_234_200_208_145_146_148_227_151_152_154_4,13,324_326_280_397_385_91_85_314_347_83_77_75_310_237_233_234_200_208_145_146_148_227_151_152_154_4,13
324_326_280_397_385_91_85_314_347_83_77_75_310_237_233_234_200_208_145_146_148_227_151_152_154_4,13,324_326_280_397_385_91_85_314_347_83_77_75_310_237_233_234_200_208_145_146_148_227_151_152_154_4,13
324_326_280_397_385_91_85_314_347_83_77_75_310_237_233_234_200_208_145_146_148_227_151_152_154_4,13,324_326_280_397_385_91_85_314_347_83_77_75_310_237_233_234_200_208_145_146_148_227_151_152_154_4,13
324_326_280_397_385_91_85_314_347_83_77_75_310_237_233_234_200_208_145_146_148_227_151_152_154_4,13,324_326_280_397_385_91_85_314_347_83_77_75_310_237_233_234_200_208_145_146_148_227_151_152_154_4,13
324_326_280_397_385_91_85_314_347_83_77_75_310_237_233_234_200_208_145_146_148_227_151_152_154_4,13,324_326_280_397_385_91_85_314_347_83_77_75_310_237_233_234_200_208_145_146_148_227_151_152_154_4,13
324_326_280_397_385_91_85_314_347_83_77_75_310_237_233_234_200_208_145_146_148_227_151_152_154_4,14,324_326_280_397_385_90_88_0_366_351_248_30_237_233_234_200_208_145_146_148_227_151_152_154_4,14
345_169_369_168_374_156_157_176_177_188_146_148_227_151_152_154_4,13,345_169_369_168_374_156_157_176_177_188_147_0_366_351_248_30_237_233_234_200_208_145_146_148_227_151_152_154_4,13
395_7_340_27_72_409_365_362_358_380_379_38_36_248_30_237_233_234_200_208_145_146_148_227_151_152_154_4,10,395_7_341_7_341_7_341_7_341_7_341_7_341_7_341_7_341_7_341_7_341_7_341_7_341_7_341_7_341_7_341_7_341_7_341_7_341_7_341_7_341_7_341_7_341_7_341_7_341_7_341,10
40_49_364_46_41_378_381_352_1_127_408_71_26_341_8,10,40_49_364_46_41_377_41_377_41_377_41_377_41_377_41_377_41_377_41_377_41_377_41_377_41_377_41_377_41_377_41_377_41_377_41_377_41_377_41_377_41_377_41_377_41_377_41_377_41_377_41,10
78_49_364_46_41_378_381_352_1_127_408_71_26_341_8,10,78_49_364_46_41_377_41_377_41_377_41_377_41_377_41_377_41_377_41_377_41_377_41_377_41_377_41_377_41_377_41_377_41_377_41_377_41_377_41_377_41_377_41_377_41_377_41_377_41_377_41,10
91_85_314_347_83_78_49_364_46_41_378_381_352_1_127_408_71_26_341_8,10,91_85_314_347_83_78_49_364_46_41_377_41_377_41_377_41_377_41_377_41_377_41_377_41_377_41_377_41_377_41_377_41_377_41_377_41_377_41_377_41_377_41_377_41_377_41_377_41_377_41_377,10
93_78_49_364_46_41_378_381_352_1_127_408_71_26_341_8,11,93_78_49_364_46_41_378_381_352_1_127_408_71_26_340_26_340_26_340_26_340_26_340_26_340_26_340_26_340_26_340_26_340_26_340_26_340_26_340_26_340_26_340_26_340_26_340_26_340_26_340,11
93_78_49_364_46_41_378_381_352_1_127_408_71_26_341_8,12,93_78_49_364_46_41_377_41_377_41_377_41_377_41_377_41_377_41_377_41_377_41_377_41_377_41_377_41_377_41_377_41_377_41_377_41_377_41_377_41_377_41_377_41_377_41_377_41_377_41_377,12
93_78_49_364_46_41_378_381_352_1_127_408_71_26_341_8,13,93_78_49_364_46_41_378_381_352_1_127_408_71_26_341_7_341_7_341_7_341_7_341_7_341_7_341_7_341_7_341_7_341_7_341_7_341_7_341_7_341_7_341_7_341_7_341_7_341_7_341,13
283_21_85_314_347_83_78_49_364_46_41_378_381_352_1_127_408_71_26_341_8,11,283_21_85_314_347_83_78_49_364_46_41_378_381_352_1_127_408_71_26_340_26_340_26_340_26_340_26_340_26_340_26_340_26_340_26_340_26_340_26_340_26_340_26_340_26_340_26_340_26_340_26,11
324_326_280_397_385_91_85_314_347_83_78_49_364_46_41_378_381_352_1_127_408_71_26_341_8,12,324_326_280_397_385_91_85_314_347_83_78_49_364_46_41_377_41_377_41_377_41_377_41_377_41_377_41_377_41_377_41_377_41_377_41_377_41_377_41_377_41_377_41_377_41_377_41_377_41_377_41,12
324_326_280_397_385_91_85_314_347_83_78_49_364_46_41_378_381_352_1_127_408_71_26_341_8,12,324_326_280_397_385_91_85_314_347_83_78_49_364_46_41_377_41_377_41_377_41_377_41_377_41_377_41_377_41_377_41_377_41_377_41_377_41_377_41_377_41_377_41_377_41_377_41_377_41_377_41,12
400_286_235_246_34_33_31_357_40_49_364_46_41_378_381_352_1_127_408_71_26_341_8,10,400_286_235_245_239_241_242_18_59_7_340_27_72_408_71_27_72_408_71_27_72_408_71_27_72_408_71_27_72_408_71_27_72_408_71_27_72_408_71_27_72_408_71_27_72_408_71_27_72_408_71,10
345_169_369_168_374_156_157_176_177_189_190_211_202_235_246_34_33_31_357_40_50_20_23_73_22,13,345_169_369_168_374_156_157_176_177_189_190_211_202_235_246_34_33_31_357_40_50_20_23_73_22,13
367_400_286_235_246_34_33_31_357_40_50_20_23_73_22,13,367_400_286_235_246_34_33_31_357_40_50_20_23_73_22,13
149_176_177_189_190_211_202_235_246_34_33_31_357_40_50_20_23,13,149_176_177_189_190_211_202_235_246_34_33_31_357_40_50_20_23,13
169_369_168_374_156_157_176_177_189_190_211_202_235_246_34_33_31_357_40_50_20_23,10,169_369_168_374_156_157_176_177_189_190_211_202_235_246_34_33_31_357_40_50_20_23,10
176_177_189_190_211_202_235_246_34_33_31_357_40_50_20_23,10,176_177_189_190_211_202_235_246_34_33_31_357_40_50_20_23,10
347_83_77_75_310_237_233_235_246_34_33_31_357_40_50_20_23,13,347_83_77_75_309_357_40_50_20_23,13
324_326_280_397_385_91_85_314_347_83_77_75_310_237_232_32,10,324_326_280_397_385_90_88_0_366_351_248_30_237_233_235_245_239_240_0_366_351_248_30_237_233_235_245_239_240_0_366_351_248_30_237_233_235_245_239_240_0_366_351_248_30_237_233_235_245_239_240,10
324_326_280_397_385_91_85_314_347_83_77_75_310_237_232_32,11,324_326_280_397_385_90_88_0_366_351_248_30_236_375_233_235_246_34_32,11
345_169_369_168_374_156_157_176_177_189_190_211_202_235_246_34_32,11,345_169_369_168_374_156_157_176_177_189_190_211_202_235_246_34_32,11
345_169_369_168_374_156_157_176_177_189_190_211_202_235_246_34_32,11,345_169_369_168_374_156_157_176_177_189_190_211_202_235_246_34_32,11
390_344_168_374_156_157_176_177_189_190_211_202_235_246_34_32,10,390_344_168_374_156_157_176_177_189_190_211_202_235_245_239_240_0_366_351_248_30_237_233_235_245_239_240_0_366_351_248_30_237_233_235_245_239_240_0_366_351_248_30_237_233_235_245_239_240_0_366,10
390_344_168_374_156_157_176_177_189_190_211_202_235_246_34_32,10,390_344_168_374_156_157_176_177_189_190_211_202_235_245_239_240_0_366_351_248_30_237_233_235_245_239_240_0_366_351_248_30_237_233_235_245_239_240_0_366_351_248_30_237_233_235_245_239_240_0_366,10
326_280_397_385_91_85_314_347_83_77_75_310_237_233_234_200_208_145_146_148_227_151_152_153_156_157_176_177_189_190_211_202_235_246_34_33,10,326_280_397_385_90_88_0_366_351_248_30_237_233_235_245_239_240_0_366_351_248_30_237_233_235_245_239_240_0_366_351_248_30_237_233_235_245_239_240_0_366_351_248_30_237_233_235_245_239_240_0,10
390_344_168_374_156_157_176_177_189_190_211_202_235_246_34,13,390_344_168_374_156_157_176_177_189_190_211_202_235_245_239_240_0_366_351_248_30_237_233_235_245_239_240_0_366_351_248_30_237_233_235_245_239_240_0_366_351_248_30_237_233_235_245_239_240_0_366,13
156_157_176_177_189_190_211_202_235_246_34_33_31_357_40_49_364_48_44_51,10,156_157_176_177_189_190_211_202_235_246_34_33_31_356_35_338_362_358_380_377_42_46_42_46_42_46_42_46_42_46_42_46_42_46_42_46_42_46_42_46_42_46_42_46_42_46_42_46_42_46_42,10
176_177_189_190_211_202_235_246_34_33_31_357_40_49_364_48_44_51,10,176_177_189_190_211_202_235_246_34_33_31_356_35_338_362_358_380_377_42_46_42_46_42_46_42_46_42_46_42_46_42_46_42_46_42_46_42_46_42_46_42_46_42_46_42_46_42_46_42_46_42,10
176_177_189_190_211_202_235_246_34_33_31_357_40_49_364_48_44_51,10,176_177_189_190_211_202_235_246_34_33_31_356_35_338_362_358_380_377_42_46_42_46_42_46_42_46_42_46_42_46_42_46_42_46_42_46_42_46_42_46_42_46_42_46_42_46_42_46_42_46_42,10
189_190_211_202_235_246_34_33_31_357_40_49_364_48_44_51,10,189_190_211_202_235_246_34_33_31_356_35_338_362_358_380_377_42_46_42_46_42_46_42_46_42_46_42_46_42_46_42_46_42_46_42_46_42_46_42_46_42_46_42_46_42_46_42_46_42_46_42,10
324_326_280_397_385_91_85_314_347_83_78_49_364_48_44_51,12,324_326_280_397_385_91_85_314_347_83_76_79_81_117_301_382_275_273_372_306_0_365_361_352_1_127_408_72_409_365_361_352_1_127_408_72_409_365_361_352_1_127_408_72_409_365_361_352_1_127_408,12
324_326_280_397_385_91_85_314_347_83_77_75_309_356_35_338_361_353_51,13,324_326_280_397_385_91_85_314_347_83_76_79_81_117_301_382_275_273_372_306_0_365_361_352_1_127_408_72_409_365_361_352_1_127_408_72_409_365_361_352_1_127_408_72_409_365_361_352_1_127_408,13
345_169_369_168_374_156_157_176_177_189_190_211_202_235_246_34_33_31_357_40_49_364_48_44_51,10,345_169_369_168_374_156_157_176_177_189_190_211_202_235_246_34_33_31_356_35_338_362_358_380_377_42_46_42_46_42_46_42_46_42_46_42_46_42_46_42_46_42_46_42_46_42_46_42_46_42_46,10
345_169_369_168_374_156_157_176_177_189_190_211_202_235_246_34_33_31_356_35_338_361_353_51,11,345_169_369_168_374_156_157_176_177_189_190_211_202_235_246_34_33_31_357_40_49_364_48_44_51,11
345_169_369_168_374_156_157_176_177_189_190_211_202_235_246_34_33_31_357_40_49_364_48_44_51,11,345_169_369_168_374_156_157_176_177_189_190_211_202_235_246_34_33_31_357_40_49_364_48_44_51,11
345_169_369_168_374_156_157_176_177_189_190_211_202_235_246_34_33_31_357_40_49_364_48_44_51,12,345_169_369_168_374_156_157_176_177_189_190_211_202_235_246_34_33_31_356_36_248_31_356_36_248_31_356_36_248_31_356_36_248_31_356_36_248_31_356_36_248_31_356_36_248_31_356_36_248_31_356,12
390_344_168_374_156_157_176_177_189_190_211_202_235_246_34_33_31_357_40_49_364_48_44_51,10,390_344_168_374_156_157_176_177_189_190_211_202_235_246_34_33_31_356_35_338_362_358_380_377_42_46_42_46_42_46_42_46_42_46_42_46_42_46_42_46_42_46_42_46_42_46_42_46_42_46_42,10
248_31_357_40_49_364_46_43_38_36_247_354_56_10_59_6_66,13,248_30_237_232_33_30_237_232_33_30_237_232_33_30_237_232_33_30_237_232_33_30_237_232_33_30_237_232_33_30_237_232_33_30_237_232_33_30_237_232_33_30_237_232_33_30_237_232_33_30_237,13
324_326_280_397_385_91_85_314_347_83_78_49_364_46_41_378_381_352_1_127_408_71,13,324_326_280_397_385_91_85_314_347_83_78_49_364_46_41_378_380_378_380_378_380_378_380_378_380_378_380_378_380_378_380_378_380_378_380_378_380_378_380_378_380_378_380_378_380_378_380_378_380_378_380,13
367_400_286_235_246_34_33_31_357_40_49_364_46_41_378_381_352_1_127_408_71,13,367_400_286_234_200_208_144_211_202_235_246_34_33_30_237_233_234_200_208_144_211_202_235_246_34_33_30_237_233_234_200_208_144_211_202_235_246_34_33_30_237_233_234_200_208_144_211_202_235_246_34,13
345_169_369_168_374_156_157_176_177_189_190_211_202_235_246_34_33_31_357_40_50_20_23_73,13,345_169_369_168_374_156_157_176_177_189_190_211_202_235_246_34_33_31_357_40_50_20_23_73,13
345_169_369_168_374_156_157_176_177_189_190_211_202_235_246_34_33_31_357_39_74,12,345_169_369_168_374_156_157_176_177_189_190_211_202_235_246_34_33_31_357_40_50_20_23_73_22_329_88_0_365_361_352_1_127_408_71_26_341_7_341_7_341_7_341_7_341_7_341_7_341_7_341,12
345_169_369_168_374_156_157_176_177_189_190_211_202_235_246_34_33_31_357_40_50_19_24_349_313_79_80,10,345_169_369_168_374_156_157_176_177_189_190_211_202_235_246_34_33_31_357_40_50_19_24_349_313_79_80,10
345_169_369_168_374_156_157_176_177_189_190_211_202_235_246_34_33_31_357_40_50_19_24_349_313_79_80,13,345_169_369_168_374_156_157_176_177_189_190_211_202_235_246_34_33_31_357_40_50_19_24_349_313_79_80,13
390_344_168_374_156_157_176_177_189_190_211_202_235_246_34_33_31_357_40_50_20_23_73_21_84_80,13,390_344_168_374_156_157_176_177_189_190_211_202_235_246_34_33_31_357_40_50_19_24_349_313_79_80,13
395_7_340_27_72_409_365_362_358_380_377_42_47_355_19_24_349_313_79_80,10,395_7_340_27_72_409_365_362_358_380_377_42_47_355_19_24_349_313_79_80,10
395_7_340_27_72_409_365_362_358_380_377_42_47_355_19_24_349_313_79_80,11,395_7_340_27_72_409_365_362_358_380_377_42_47_355_19_24_349_313_79_80,11
395_7_340_27_72_409_365_362_358_380_377_42_47_355_19_24_349_313_79_80,12,395_7_340_27_72_409_365_362_358_380_377_42_47_355_19_24_349_313_79_80,12
395_7_340_27_72_409_365_362_358_380_377_42_47_355_20_23_73_21_84_80,12,395_7_340_27_72_409_365_362_358_380_377_42_47_355_19_24_349_313_79_80,12
395_7_340_27_72_409_365_362_358_380_377_42_47_355_19_24_349_313_79_80,12,395_7_340_27_72_409_365_362_358_380_377_42_47_355_19_24_349_313_79_80,12
395_7_340_27_72_409_365_362_358_380_377_42_47_355_19_24_349_313_79_80,13,395_7_340_27_72_409_365_362_358_380_377_42_47_355_19_24_349_313_79_80,13
395_7_340_27_72_409_365_362_358_380_377_42_47_355_19_24_349_313_79_80,13,395_7_340_27_72_409_365_362_358_380_377_42_47_355_19_24_349_313_79_80,13
395_7_340_27_72_409_365_362_358_380_377_42_47_355_19_24_349_313_79_80,13,395_7_340_27_72_409_365_362_358_380_377_42_47_355_19_24_349_313_79_80,13
109_108_105_112_114_116_278_275_274_308_386_397_385_90_88,11,109_108_106_269_264_317_304_306_0_365_362_358_380_377_42_47_355_20_23_73_22_329_88,11
153_156_157_176_177_189_190_211_202_235_246_34_33_31_357_40_50_20_23_73_22_329_88,10,153_156_157_176_177_189_190_211_202_235_246_34_33_31_357_40_50_20_23_73_22_329_88,10
176_177_189_190_211_202_235_246_34_33_31_357_40_50_20_23_73_22_329_88,10,176_177_189_190_211_202_235_246_34_33_31_357_40_50_20_23_73_22_329_88,10
345_169_369_168_374_156_157_176_177_189_190_211_202_235_246_34_33_31_357_40_50_20_23_73_22_329_88,12,345_169_369_168_374_156_157_176_177_189_190_211_202_235_246_34_33_31_357_40_50_20_23_73_22_329_88,12
345_169_369_168_374_156_157_176_177_189_190_211_202_235_246_34_33_31_357_40_50_20_23_73_22_329_88,13,345_169_369_168_374_156_157_176_177_189_190_211_202_235_246_34_33_31_357_40_50_20_23_73_22_329_88,13
345_169_369_168_374_156_157_176_177_189_190_211_202_235_246_34_33_31_357_40_50_20_23_73_22_329_88,13,345_169_369_168_374_156_157_176_177_189_190_211_202_235_246_34_33_31_357_40_50_20_23_73_22_329_88,13
390_344_168_374_156_157_176_177_189_190_211_202_235_246_34_33_31_357_40_50_20_23_73_22_329_88,10,390_344_168_374_156_157_176_177_189_190_211_202_235_246_34_33_31_357_40_50_20_23_73_22_329_88,10
345_169_369_168_374_156_157_176_177_189_190_211_202_235_246_34_33_31_357_40_50_20_23_73_22_329_89,13,345_169_369_168_374_156_157_176_177_189_190_211_202_235_246_34_33_31_357_40_50_20_23_73_22_329_89,13
390_344_168_374_156_157_176_177_189_190_211_202_235_246_34_33_31_357_40_50_20_23_73_22_329_89,14,390_344_168_374_156_157_176_177_189_190_211_202_235_246_34_33_31_357_40_50_20_23_73_22_329_89,14
395_7_340_27_72_409_365_362_358_380_377_42_47_355_19_24_349_313_79_80_118_124,13,395_7_340_27_72_409_365_362_358_380_377_42_47_355_19_24_349_313_79_80_118_124,13
345_169_369_168_374_156_157_176_177_189_190_211_202_234_200_208_144,12,345_169_369_168_374_156_157_176_177_189_190_211_202_235_246_34_33_31_357_40_50_20_23_73_22_329_88_0_366_351_248_31_357_40_50_20_23_73_22_329_88_0_366_351_248_31_357_40_50_20_23,12
324_326_280_397_385_91_85_314_347_83_77_75_310_237_233_234_200_208_145_147,10,324_326_280_397_385_91_85_313_79_81_117_301_382_275_273_372_306_0_366_351_248_30_237_233_234_200_208_145_146_148_227_151_152_154_4_0_366_351_248_30_237_233_234_200_208_145_146_148_227_151_152,10
324_326_280_397_385_91_85_314_347_83_77_75_310_237_233_234_200_208_145_147,10,324_326_280_397_385_91_85_313_79_81_117_301_382_275_273_372_306_0_366_351_248_30_237_233_234_200_208_145_146_148_227_151_152_154_4_0_366_351_248_30_237_233_234_200_208_145_146_148_227_151_152,10
324_326_280_397_385_91_85_314_347_83_77_75_310_237_233_234_200_208_145_147,13,324_326_280_397_385_91_85_314_347_83_77_75_310_237_233_234_200_208_145_146_148_227_151_152_154_4_0_366_351_248_30_237_233_234_200_208_145_146_148_227_151_152_154_4_0_366_351_248_30_237_233,13
324_326_280_397_385_91_85_314_347_83_77_75_310_237_233_234_200_208_145_146_148_227_151_152_154,13,324_326_280_397_385_91_85_314_347_83_77_75_310_237_233_234_200_208_145_146_148_227_151_152_153_156_157_176_177_188_147_0_366_351_248_30_237_233_234_200_208_145_146_148_227_151_152_153_156_157_176,13
324_326_280_397_385_91_85_314_347_83_77_75_310_237_233_234_200_208_145_146_148_227_151_152_154,13,324_326_280_397_385_91_85_314_347_83_77_75_310_237_233_234_200_208_145_146_148_227_151_152_153_156_157_176_177_188_147_0_366_351_248_30_237_233_234_200_208_145_146_148_227_151_152_153_156_157_176,13
324_326_280_397_385_91_85_314_347_83_77_75_310_237_233_234_200_208_145_146_148_227_151_152_154,14,324_326_280_397_385_91_85_314_347_83_77_75_310_237_233_234_200_208_145_146_148_227_151_152_153_156_157_176_177_188_147_0_366_351_248_30_237_233_234_200_208_145_146_148_227_151_152_153_156_157_176,14
55_132_134_52_360_0_366_351_248_30_236_376_231_198_196_195_180_315_185_179_418_251_163_258_162,12,55_132_134_52_360_0_366_351_248_30_236_376_231_198_196_195_180_315_185_179_418_251_163_258_162,12
238_400_287_200_208_145_146_148_227_151_152_153_155_163_258_162,11,238_400_287_200_208_145_146_148_227_151_152_153_155_163_258_162,11
238_400_287_200_208_145_146_148_227_151_152_153_155_163_258_162,11,238_400_287_200_208_145_146_148_227_151_152_153_155_163_258_162,11
324_326_280_397_385_91_85_314_347_83_77_75_310_236_376_231_198_196_195_180_315_185_179_418_251_163_258_162,11,324_326_280_397_385_90_88_0_366_351_248_30_236_376_231_198_196_195_180_315_185_179_418_251_163_258_162,11
331_52_360_0_366_351_248_30_236_376_231_198_196_195_180_315_185_179_418_251_163_258_162,12,331_52_360_0_366_351_248_30_236_376_231_198_196_195_180_315_185_179_418_251_163_258_162,12
331_52_360_0_366_351_248_30_236_376_231_198_196_195_180_315_185_179_418_251_164_174,12,331_52_360_0_366_351_248_30_236_376_231_198_196_195_180_315_185_179_418_251_164_174,12
55_132_134_52_360_0_366_351_248_30_236_376_231_198_196_195_180_315_185_179,13,55_132_134_52_360_0_366_351_248_30_236_376_231_198_196_195_180_315_185_179,13
55_132_134_52_360_0_366_351_248_30_236_376_231_198_196_195_180_315_185_179,13,55_132_134_52_360_0_366_351_248_30_236_376_231_198_196_195_180_315_185_179,13
55_132_134_52_360_0_366_351_248_30_236_376_231_198_196_195_180_315_185_179,13,55_132_134_52_360_0_366_351_248_30_236_376_231_198_196_195_180_315_185_179,13
55_132_134_52_360_0_366_351_248_30_236_376_231_198_196_195_180_315_185_179,13,55_132_134_52_360_0_366_351_248_30_236_376_231_198_196_195_180_315_185_179,13
55_132_134_52_360_0_366_351_248_30_236_376_231_198_196_195_180_315_185_179,13,55_132_134_52_360_0_366_351_248_30_236_376_231_198_196_195_180_315_185_179,13
55_132_134_52_360_0_366_351_248_30_236_376_231_198_196_195_180_315_185_179,13,55_132_134_52_360_0_366_351_248_30_236_376_231_198_196_195_180_315_185_179,13
55_132_134_52_360_0_366_351_248_30_236_376_231_198_196_195_180_315_185_179,13,55_132_134_52_360_0_366_351_248_30_236_376_231_198_196_195_180_315_185_179,13
135_320_131_134_52_360_0_366_351_248_30_236_376_231_198_196_195_180_315_185_179,12,135_320_131_134_52_360_0_366_351_248_30_236_376_231_198_196_195_180_315_185_179,12
324_326_280_397_385_91_85_314_347_83_77_75_310_236_376_231_198_196_195_180_315_185_179,11,324_326_280_397_385_91_85_314_347_83_77_75_310_236_376_231_198_196_195_180_315_185_179,11
324_326_280_397_385_91_85_314_347_83_77_75_310_236_376_231_198_196_195_180_315_185_179,13,324_326_280_397_385_91_85_314_347_83_77_75_310_236_376_231_198_196_195_180_315_185_179,13
331_52_360_0_366_351_248_30_236_376_231_198_196_195_180_315_185_179,13,331_52_360_0_366_351_248_30_236_376_231_198_196_195_180_315_185_179,13
331_52_360_0_366_351_248_30_236_376_231_198_196_195_180_315_185_179,13,331_52_360_0_366_351_248_30_236_376_231_198_196_195_180_315_185_179,13
390_344_168_374_156_157_176_177_189_190_211_202_235_246_34_33_30_236_376_231_198_196_195_181,12,390_344_168_374_156_157_176_177_189_191_193_181,12
360_0_366_351_248_30_236_376_231_198_196_195_180_315_184_183,10,360_0_366_351_248_30_236_376_231_198_196_195_180_315_184_183,10
48_45_43_38_36_248_30_236_376_231_198_196_195_180_315_185,12,48_45_42_47_355_20_23_73_21_85_314_347_83_77_75_310_236_376_231_198_196_195_180_315_185,12
55_132_134_52_360_0_366_351_248_30_236_376_231_198_196_195_180_315_185,12,55_132_134_52_360_0_366_351_248_30_236_376_231_198_196_195_180_315_185,12
283_21_85_314_347_83_77_75_310_236_376_231_198_196_195_180_315_185,12,283_21_85_314_347_83_77_75_310_236_376_231_198_196_195_180_315_185,12
283_21_85_314_347_83_77_75_310_236_376_231_198_196_195_180_315_185,12,283_21_85_314_347_83_77_75_310_236_376_231_198_196_195_180_315_185,12
324_326_280_397_385_91_85_314_347_83_77_75_310_236_376_231_198_196_195_180_315_185,13,324_326_280_397_385_91_85_314_347_83_77_75_310_236_376_231_198_196_195_180_315_185,13
345_169_369_168_374_156_157_176_177_189_191_193_180_315_185,11,345_169_369_168_374_156_157_176_177_189_191_193_180_315_185,11
345_169_369_168_374_156_157_176_177_189_191_193_180_315_185,12,345_169_369_168_374_156_157_176_177_189_191_193_180_315_185,12
324_326_280_397_385_91_85_314_347_83_77_75_310_236_376_231_198_196_195_180_316_187,13,324_326_280_397_385_90_88_0_366_351_248_30_236_376_231_198_196_195_180_315_185_178_410_412_186_222_221_0_366_351_248_30_236_376_231_198_196_195_180_315_185_178_410_412_186_222_221_0_366_351_248,13
345_169_369_168_374_156_157_176_177_189_191_193_180_316_187,10,345_169_369_168_374_156_157_176_177_189_191_193_180_315_185_178_410_412_186_222_221_0_366_351_248_30_236_376_231_198_196_195_180_315_185_178_410_412_186_222_221_0_366_351_248_30_236_376_231_198_196,10
324_326_280_397_385_91_85_314_347_83_77_75_310_236_376_231_198_196,13,324_326_280_397_385_91_85_314_347_83_77_75_310_236_376_231_198_196,13
395_7_340_27_72_409_366_351_248_30_236_376_231_198_196,13,395_7_340_27_72_409_366_351_248_30_236_376_231_198_196,13
55_132_134_52_360_0_366_351_248_30_236_376_231_198_197,12,55_132_134_52_360_0_366_351_248_30_236_376_231_198_196_195_181_222_221_0_366_351_248_30_236_376_231_198_196_195_181_222_221_0_366_351_248_30_236_376_231_198_196_195_181_222_221_0_366_351_248,12
324_326_280_397_385_91_85_314_347_83_77_75_310_236_376_231_198_197,11,324_326_280_397_385_91_85_314_347_83_77_75_310_236_376_231_198_196_195_181_222_221_0_366_351_248_30_236_376_231_198_196_195_181_222_221_0_366_351_248_30_236_376_231_198_196_195_181_222_221_0,11
395_7_340_27_72_409_366_351_248_30_236_376_231_198_197,10,395_7_340_27_72_409_366_351_248_30_236_376_231_198_196_195_181_222_221_0_366_351_248_30_236_376_231_198_196_195_181_222_221_0_366_351_248_30_236_376_231_198_196_195_181_222_221_0_366_351_248,10
324_326_280_397_385_91_85_314_347_83_77_75_310_237_233_234_200,11,324_326_280_397_385_91_85_314_347_83_77_75_310_237_233_235_246_34_33_30_237_233_235_246_34_33_30_237_233_235_246_34_33_30_237_233_235_246_34_33_30_237_233_235_246_34_33_30_237_233_235,11
345_169_369_168_374_156_157_176_177_189_191_193_181_223_214_297_203,13,345_169_369_168_374_156_157_176_177_189_191_193_180_315_185_179_418_251_164_174_159_167_166_391_0_366_351_248_30_236_376_231_198_196_195_180_315_185_179_418_251_164_174_159_167_166_391_0_366_351_248,13
345_169_369_168_374_156_157_176_177_189_191_193_181_223_214_297_203,13,345_169_369_168_374_156_157_176_177_189_191_193_180_315_185_179_418_251_164_174_159_167_166_391_0_366_351_248_30_236_376_231_198_196_195_180_315_185_179_418_251_164_174_159_167_166_391_0_366_351_248,13
345_169_369_168_374_156_157_176_177_189_191_193_181_223_214_297_203,13,345_169_369_168_374_156_157_176_177_189_191_193_180_315_185_179_418_251_164_174_159_167_166_391_0_366_351_248_30_236_376_231_198_196_195_180_315_185_179_418_251_164_174_159_167_166_391_0_366_351_248,13
345_169_369_168_374_156_157_176_177_189_191_193_181_223_214_297_203,13,345_169_369_168_374_156_157_176_177_189_191_193_180_315_185_179_418_251_164_174_159_167_166_391_0_366_351_248_30_236_376_231_198_196_195_180_315_185_179_418_251_164_174_159_167_166_391_0_366_351_248,13
345_169_369_168_374_156_157_176_177_189_191_193_181_223_214_297_203,13,345_169_369_168_374_156_157_176_177_189_191_193_180_315_185_179_418_251_164_174_159_167_166_391_0_366_351_248_30_236_376_231_198_196_195_180_315_185_179_418_251_164_174_159_167_166_391_0_366_351_248,13
390_344_168_374_156_157_176_177_189_191_193_181_223_214_297_203,13,390_343_390_343_390_343_390_343_390_343_390_343_390_343_390_343_390_343_390_343_390_343_390_343_390_343_390_343_390_343_390_343_390_343_390_343_390_343_390_343_390_343_390_343_390_343_390_343_390_343_390,13
347_83_77_75_310_237_232_33_30_236_376_231_198_197_291_299_204,12,347_82_25_23_73_22_329_88_0_366_351_248_31_357_40_50_20_23_73_22_329_88_0_366_351_248_31_357_40_50_20_23_73_22_329_88_0_366_351_248_31_357_40_50_20_23_73_22_329_88_0,12
91_85_314_347_83_77_75_310_237_233_235_246_34_33_30_236_376_231_199_216_207,10,91_85_313_79_81_117_301_382_275_273_372_306_0_366_351_248_31_357_40_50_20_23_73_22_329_88_0_366_351_248_31_357_40_50_20_23_73_22_329_88_0_366_351_248_31_357_40_50_20_23_73,10
283_21_85_314_347_83_77_75_310_236_376_231_198_196_195_181_222,12,283_22_329_88_0_366_351_248_30_236_376_231_198_196_195_181_222,12
324_326_280_397_385_91_85_314_347_83_77_75_310_236_376_231_198_196_195_180_315_185_179_416_422_335_176_177_189_191_193_181_222,12,324_326_280_397_385_91_85_314_347_83_77_75_310_236_376_231_198_196_195_181_222,12
324_326_280_397_385_91_85_314_347_83_77_75_310_236_376_231_198_196_195_181_222,14,324_326_280_397_385_91_85_314_347_83_77_75_310_236_376_231_198_196_195_181_222,14
324_326_280_397_385_91_85_314_347_83_77_75_310_236_376_231_198_196_195_181_222,14,324_326_280_397_385_91_85_314_347_83_77_75_310_236_376_231_198_196_195_181_222,14
367_400_287_200_208_145_146_148_227_151_152_153_156_157_176_177_189_191_193_181_222,10,367_400_286_235_246_34_33_30_236_376_231_198_196_195_181_222,10
395_7_340_27_72_409_366_351_248_30_236_376_231_198_196_195_181_222,11,395_7_340_27_72_409_366_351_248_30_236_376_231_198_196_195_181_222,11
324_326_280_397_385_91_85_314_347_83_77_75_310_237_233_234_200_208_145_146_148_227,11,324_326_280_397_385_91_85_314_347_83_77_75_310_237_233_234_200_208_145_146_148_227,11
324_326_280_397_385_91_85_314_347_83_77_75_310_237_233_234,12,324_326_280_397_385_91_85_314_347_83_77_75_310_237_233_234,12
324_326_280_397_385_91_85_314_347_83_77_75_310_237_233_234,12,324_326_280_397_385_91_85_314_347_83_77_75_310_237_233_234,12
345_169_369_168_374_156_157_176_177_189_190_211_202_235_246_34_33_30_236,11,345_169_369_168_374_156_157_176_177_189_190_211_202_235_246_34_33_30_236,11
324_326_280_397_385_91_85_314_347_83_77_75_310_237_233_235_245_239,13,324_326_280_397_385_91_85_314_347_83_77_75_310_237_233_235_245_239,13
246_34_33_31_357_40_49_363_355_19_24_348_347_83_77_75_310_237_233_235_245_239_240,11,246_34_33_30_237_233_235_245_239_240,11
300_198_196_195_180_315_184_183_177_189_190_211_202_235_245_239_240,12,300_198_196_195_180_315_184_183_177_189_190_211_202_235_245_239_240,12
324_326_280_397_385_91_85_314_347_83_77_75_310_237_233_235_245_239_240,10,324_326_280_397_385_91_85_314_347_83_77_75_310_237_233_235_245_239_240,10
324_326_280_397_385_91_85_314_347_83_77_75_310_237_233_235_245_239_240,10,324_326_280_397_385_91_85_314_347_83_77_75_310_237_233_235_245_239_240,10
324_326_280_397_385_91_85_314_347_83_77_75_310_237_233_235_245_239_240,10,324_326_280_397_385_91_85_314_347_83_77_75_310_237_233_235_245_239_240,10
324_326_280_397_385_91_85_314_347_83_77_75_310_237_233_235_245_239_240,10,324_326_280_397_385_91_85_314_347_83_77_75_310_237_233_235_245_239_240,10
324_326_280_397_385_91_85_314_347_83_77_75_310_237_233_235_245_239_240,10,324_326_280_397_385_91_85_314_347_83_77_75_310_237_233_235_245_239_240,10
324_326_280_397_385_91_85_314_347_83_77_75_310_237_233_235_245_239_240,11,324_326_280_397_385_91_85_314_347_83_77_75_310_237_233_235_245_239_240,11
324_326_280_397_385_91_85_314_347_83_77_75_310_237_233_235_245_239_240,12,324_326_280_397_385_91_85_314_347_83_77_75_310_237_233_235_245_239_240,12
324_326_280_397_385_91_85_314_347_83_77_75_310_237_233_235_245_239_240,12,324_326_280_397_385_91_85_314_347_83_77_75_310_237_233_235_245_239_240,12
324_326_280_397_385_91_85_314_347_83_77_75_310_237_233_235_245_239_240,13,324_326_280_397_385_91_85_314_347_83_77_75_310_237_233_235_245_239_240,13
324_326_280_397_385_91_85_314_347_83_77_75_310_237_233_235_245_239_240,13,324_326_280_397_385_91_85_314_347_83_77_75_310_237_233_235_245_239_240,13
326_280_397_385_91_85_314_347_83_77_75_310_237_233_235_245_239_240,10,326_280_397_385_91_85_314_347_83_77_75_310_237_233_235_245_239_240,10
345_169_369_168_374_156_157_176_177_189_190_211_202_235_245_239_240,12,345_169_369_168_374_156_157_176_177_189_190_211_202_235_245_239_240,12
390_344_168_374_156_157_176_177_189_190_211_202_235_245_239_240,10,390_344_168_374_156_157_176_177_189_190_211_202_235_245_239_240,10
390_344_168_374_156_157_176_177_189_190_211_202_235_245_239_240,10,390_344_168_374_156_157_176_177_189_190_211_202_235_245_239_240,10
390_344_168_374_156_157_176_177_189_190_211_202_235_245_239_240,10,390_344_168_374_156_157_176_177_189_190_211_202_235_245_239_240,10
390_344_168_374_156_157_176_177_189_190_211_202_235_245_239_240,10,390_344_168_374_156_157_176_177_189_190_211_202_235_245_239_240,10
390_344_168_374_156_157_176_177_189_190_211_202_235_245_239_240,11,390_344_168_374_156_157_176_177_189_190_211_202_235_245_239_240,11
390_344_168_374_156_157_176_177_189_190_211_202_235_245_239_240,11,390_344_168_374_156_157_176_177_189_190_211_202_235_245_239_240,11
390_344_168_374_156_157_176_177_189_190_211_202_235_245_239_240,11,390_344_168_374_156_157_176_177_189_190_211_202_235_245_239_240,11
390_344_168_374_156_157_176_177_189_190_211_202_235_245_239_240,11,390_344_168_374_156_157_176_177_189_190_211_202_235_245_239_240,11
390_344_168_374_156_157_176_177_189_190_211_202_235_245_239_240,12,390_344_168_374_156_157_176_177_189_190_211_202_235_245_239_240,12
390_344_168_374_156_157_176_177_189_190_211_202_235_245_239_240,12,390_344_168_374_156_157_176_177_189_190_211_202_235_245_239_240,12
390_344_168_374_156_157_176_177_189_190_211_202_235_245_239_240,12,390_344_168_374_156_157_176_177_189_190_211_202_235_245_239_240,12
390_344_168_374_156_157_176_177_189_190_211_202_235_245_239_240,13,390_344_168_374_156_157_176_177_189_190_211_202_235_245_239_240,13
390_344_168_374_156_157_176_177_189_190_211_202_235_245_239_240,13,390_344_168_374_156_157_176_177_189_190_211_202_235_245_239_240,13
390_344_168_374_156_157_176_177_189_190_211_202_235_245_239_240,13,390_344_168_374_156_157_176_177_189_190_211_202_235_245_239_240,13
345_169_369_168_374_156_157_176_177_189_190_211_202_235_245_239_241,13,345_169_369_168_374_156_157_176_177_189_190_211_202_235_245_239_241,13
195_180_315_184_183_177_189_190_211_202_235_245_239_241_242,10,195_180_315_184_183_177_189_190_211_202_235_245_239_241_242,10
206_196_195_180_315_184_183_177_189_190_211_202_235_245_239_241_242,11,206_196_195_180_315_184_183_177_189_190_211_202_235_245_239_241_242,11
324_326_280_397_385_91_85_314_347_83_77_75_310_237_233_235_245_239_241_242,11,324_326_280_397_385_90_88_0_365_361_352_1_127_408_70_56_10_58_341_7_340_27_70_56_10_58_341_7_340_27_70_56_10_58_341_7_340_27_70_56_10_58_341_7_340_27_70_56_10_58_341,11
324_326_280_397_385_91_85_314_347_83_77_75_310_237_233_235_245_239_241_242,13,324_326_280_397_385_91_85_314_347_83_77_75_310_237_233_235_245_239_241_242,13
345_169_369_168_374_156_157_176_177_189_190_211_202_235_245_239_241_242,10,345_169_369_168_374_156_157_176_177_189_190_211_202_235_245_239_241_242,10
345_169_369_168_374_156_157_176_177_189_190_211_202_235_245_239_241_242,10,345_169_369_168_374_156_157_176_177_189_190_211_202_235_245_239_241_242,10
345_169_369_168_374_156_157_176_177_189_190_211_202_235_245_239_241_242,10,345_169_369_168_374_156_157_176_177_189_190_211_202_235_245_239_241_242,10
345_169_369_168_374_156_157_176_177_189_190_211_202_235_245_239_241_242,10,345_169_369_168_374_156_157_176_177_189_190_211_202_235_245_239_241_242,10
345_169_369_168_374_156_157_176_177_189_190_211_202_235_245_239_241_242,11,345_169_369_168_374_156_157_176_177_189_190_211_202_235_245_239_241_242,11
345_169_369_168_374_156_157_176_177_189_190_211_202_235_245_239_241_242,12,345_169_369_168_374_156_157_176_177_189_190_211_202_235_245_239_241_242,12
345_169_369_168_374_156_157_176_177_189_190_211_202_235_245_239_241_242,12,345_169_369_168_374_156_157_176_177_189_190_211_202_235_245_239_241_242,12
345_169_369_168_374_156_157_176_177_189_190_211_202_235_245_239_241_242,12,345_169_369_168_374_156_157_176_177_189_190_211_202_235_245_239_241_242,12
345_169_369_168_374_156_157_176_177_189_190_211_202_235_245_239_241_242,12,345_169_369_168_374_156_157_176_177_189_190_211_202_235_245_239_241_242,12
345_169_369_168_374_156_157_176_177_189_190_211_202_235_245_239_241_242,12,345_169_369_168_374_156_157_176_177_189_190_211_202_235_245_239_241_242,12
345_169_369_168_374_156_157_176_177_189_190_211_202_235_245_239_241_242,12,345_169_369_168_374_156_157_176_177_189_190_211_202_235_245_239_241_242,12
345_169_369_168_374_156_157_176_177_189_190_211_202_235_245_239_241_242,12,345_169_369_168_374_156_157_176_177_189_190_211_202_235_245_239_241_242,12
345_169_369_168_374_156_157_176_177_189_190_211_202_235_245_239_241_242,12,345_169_369_168_374_156_157_176_177_189_190_211_202_235_245_239_241_242,12
345_169_369_168_374_156_157_176_177_189_190_211_202_235_245_239_241_242,13,345_169_369_168_374_156_157_176_177_189_190_211_202_235_245_239_241_242,13
345_169_369_168_374_156_157_176_177_189_190_211_202_235_245_239_241_242,13,345_169_369_168_374_156_157_176_177_189_190_211_202_235_245_239_241_242,13
345_169_369_168_374_156_157_176_177_189_190_211_202_235_245_239_241_242,13,345_169_369_168_374_156_157_176_177_189_190_211_202_235_245_239_241_242,13
369_168_374_156_157_176_177_189_190_211_202_235_245_239_241_242,10,369_168_374_156_157_176_177_189_190_211_202_235_245_239_241_242,10
390_344_168_374_156_157_176_177_189_190_211_202_235_245_239_241_242,10,390_344_168_374_156_157_176_177_189_190_211_202_235_245_239_241_242,10
390_344_168_374_156_157_176_177_189_190_211_202_235_245_239_241_242,10,390_344_168_374_156_157_176_177_189_190_211_202_235_245_239_241_242,10
390_344_168_374_156_157_176_177_189_190_211_202_235_245_239_241_242,10,390_344_168_374_156_157_176_177_189_190_211_202_235_245_239_241_242,10
390_344_168_374_156_157_176_177_189_190_211_202_235_245_239_241_242,10,390_344_168_374_156_157_176_177_189_190_211_202_235_245_239_241_242,10
390_344_168_374_156_157_176_177_189_190_211_202_235_245_239_241_242,10,390_344_168_374_156_157_176_177_189_190_211_202_235_245_239_241_242,10
390_344_168_374_156_157_176_177_189_190_211_202_235_245_239_241_242,10,390_344_168_374_156_157_176_177_189_190_211_202_235_245_239_241_242,10
390_344_168_374_156_157_176_177_189_190_211_202_235_245_239_241_242,11,390_344_168_374_156_157_176_177_189_190_211_202_235_245_239_241_242,11
390_344_168_374_156_157_176_177_189_190_211_202_235_245_239_241_242,11,390_344_168_374_156_157_176_177_189_190_211_202_235_245_239_241_242,11
390_344_168_374_156_157_176_177_189_190_211_202_235_245_239_241_242,11,390_344_168_374_156_157_176_177_189_190_211_202_235_245_239_241_242,11
390_344_168_374_156_157_176_177_189_190_211_202_235_245_239_241_242,11,390_344_168_374_156_157_176_177_189_190_211_202_235_245_239_241_242,11
390_344_168_374_156_157_176_177_189_190_211_202_235_245_239_241_242,11,390_344_168_374_156_157_176_177_189_190_211_202_235_245_239_241_242,11
390_344_168_374_156_157_176_177_189_190_211_202_235_245_239_241_242,11,390_344_168_374_156_157_176_177_189_190_211_202_235_245_239_241_242,11
390_344_168_374_156_157_176_177_189_190_211_202_235_245_239_241_242,11,390_344_168_374_156_157_176_177_189_190_211_202_235_245_239_241_242,11
390_344_168_374_156_157_176_177_189_190_211_202_235_245_239_241_242,11,390_344_168_374_156_157_176_177_189_190_211_202_235_245_239_241_242,11
390_344_168_374_156_157_176_177_189_190_211_202_235_245_239_241_242,11,390_344_168_374_156_157_176_177_189_190_211_202_235_245_239_241_242,11
390_344_168_374_156_157_176_177_189_190_211_202_235_245_239_241_242,11,390_344_168_374_156_157_176_177_189_190_211_202_235_245_239_241_242,11
390_344_168_374_156_157_176_177_189_190_211_202_235_245_239_241_242,11,390_344_168_374_156_157_176_177_189_190_211_202_235_245_239_241_242,11
390_344_168_374_156_157_176_177_189_190_211_202_235_245_239_241_242,11,390_344_168_374_156_157_176_177_189_190_211_202_235_245_239_241_242,11
390_344_168_374_156_157_176_177_189_190_211_202_235_245_239_241_242,11,390_344_168_374_156_157_176_177_189_190_211_202_235_245_239_241_242,11
390_344_168_374_156_157_176_177_189_190_211_202_235_245_239_241_242,11,390_344_168_374_156_157_176_177_189_190_211_202_235_245_239_241_242,11
390_344_168_374_156_157_176_177_189_190_211_202_235_245_239_241_242,12,390_344_168_374_156_157_176_177_189_190_211_202_235_245_239_241_242,12
390_344_168_374_156_157_176_177_189_190_211_202_235_245_239_241_242,12,390_344_168_374_156_157_176_177_189_190_211_202_235_245_239_241_242,12
390_344_168_374_156_157_176_177_189_190_211_202_235_245_239_241_242,12,390_344_168_374_156_157_176_177_189_190_211_202_235_245_239_241_242,12
390_344_168_374_156_157_176_177_189_190_211_202_235_245_239_241_242,12,390_344_168_374_156_157_176_177_189_190_211_202_235_245_239_241_242,12
390_344_168_374_156_157_176_177_189_190_211_202_235_245_239_241_242,12,390_344_168_374_156_157_176_177_189_190_211_202_235_245_239_241_242,12
390_344_168_374_156_157_176_177_189_190_211_202_235_245_239_241_242,12,390_344_168_374_156_157_176_177_189_190_211_202_235_245_239_241_242,12
390_344_168_374_156_157_176_177_189_190_211_202_235_245_239_241_242,12,390_344_168_374_156_157_176_177_189_190_211_202_235_245_239_241_242,12
390_344_168_374_156_157_176_177_189_190_211_202_235_245_239_241_242,13,390_344_168_374_156_157_176_177_189_190_211_202_235_245_239_241_242,13
390_344_168_374_156_157_176_177_189_190_211_202_235_245_239_241_242,13,390_344_168_374_156_157_176_177_189_190_211_202_235_245_239_241_242,13
390_344_168_374_156_157_176_177_189_190_211_202_235_245_239_241_242,13,390_344_168_374_156_157_176_177_189_190_211_202_235_245_239_241_242,13
390_344_168_374_156_157_176_177_189_190_211_202_235_245_239_241_242,13,390_344_168_374_156_157_176_177_189_190_211_202_235_245_239_241_242,13
390_344_168_374_156_157_176_177_189_190_211_202_235_245_239_241_242,13,390_344_168_374_156_157_176_177_189_190_211_202_235_245_239_241_242,13
414_252_334_157_176_177_189_190_211_202_235_245_239_241_242,11,414_252_333_335_176_177_189_190_211_202_235_245_239_241_242,11
414_252_334_157_176_177_189_190_211_202_235_245_239_241_242,13,414_252_333_335_176_177_189_190_211_202_235_245_239_241_242,13
345_169_369_168_374_156_157_176_177_189_190_211_202_235_246,13,345_169_369_168_374_156_157_176_177_189_190_211_202_234_200_208_145_147_0_366_351_248_30_237_233_235_245_239_240_0_366_351_248_30_237_233_235_245_239_240_0_366_351_248_30_237_233_235_245_239_240,13
345_169_369_168_374_156_157_176_177_189_190_211_202_235_246_34_33_31_356_36_248,13,345_169_369_168_374_156_157_176_177_189_190_211_202_235_246_34_33_31_356_36_248,13
15_34_33_30_236_376_231_198_196_195_180_315_185_179_418_251,14,15_34_33_30_236_376_231_198_196_195_180_315_185_179_418_251,14
331_52_360_0_366_351_248_30_236_376_231_198_196_195_180_315_185_179_418_251,12,331_52_360_0_366_351_248_30_236_376_231_198_196_195_180_315_185_179_418_251,12
395_7_340_27_72_409_366_351_248_30_236_376_231_198_196_195_180_315_185_179_418_251,12,395_7_340_27_72_409_366_351_248_30_236_376_231_198_196_195_180_315_185_179_418_251,12
52_360_0_366_351_248_30_236_376_231_198_196_195_180_315_185_179_418_251_164_173_257_253,10,52_360_0_366_351_248_30_236_376_231_198_196_195_180_315_185_179_418_251_164_173_257_253,10
30_236_376_231_198_196_195_180_315_185_179_418_251_164_173_257,10,30_236_376_231_198_196_195_180_315_185_179_418_251_164_173_257,10
75_310_236_376_231_198_196_195_180_315_185_179_418_251_163_258,10,75_310_236_376_231_198_196_195_180_315_185_179_418_251_163_258,10
237_233_234_200_208_145_146_148_227_151_152_153_155_163_258,10,237_233_234_200_208_145_146_148_227_151_152_153_155_163_258,10
395_7_340_27_72_409_366_351_248_30_236_376_231_198_196_195_180_315_185_179_418_251_163_258,12,395_7_340_27_72_409_366_351_248_30_236_376_231_198_196_195_180_315_185_179_418_251_163_258,12
15_34_33_31_357_40_50_20_23_73_21_84_80_118_124_116_278_276_267_265_262_261_260,11,15_34_33_31_357_40_50_19_24_349_313_79_81_117_301_382_275_273_372_306_0_365_362_358_380_377_42_47_355_19_24_349_313_79_81_117_301_382_275_273_372_306_0_365_362_358_380_377_42_47_355,11
345_169_369_168_374_156_157_176_177_189_190_211_202_235_246_34_33_31_357_40_50_20_23_73_21_84_81_117_301_382_276_267_265_262_261_260,12,345_169_369_168_374_156_157_176_177_189_190_211_202_235_246_34_33_31_357_40_50_19_24_349_313_79_81_117_301_382_275_273_372_306_0_365_362_358_380_377_42_47_355_19_24_349_313_79_81_117_301,12
395_7_340_27_72_409_365_362_358_380_377_42_47_355_19_24_349_313_79_80_118_124_116_278_276_267_265_262_261_260,10,395_7_340_27_72_409_365_362_358_380_377_42_47_355_19_24_349_313_79_81_117_301_382_275_273_372_306_0_365_362_358_380_377_42_47_355_19_24_349_313_79_81_117_301_382_275_273_372_306_0_365,10
395_7_340_27_72_409_365_362_358_380_377_42_47_355_19_24_349_313_79_80_118_124_116_278_276_267_265_262_261_260,10,395_7_340_27_72_409_365_362_358_380_377_42_47_355_19_24_349_313_79_81_117_301_382_275_273_372_306_0_365_362_358_380_377_42_47_355_19_24_349_313_79_81_117_301_382_275_273_372_306_0_365,10
395_7_340_27_72_409_365_362_358_380_377_42_47_355_19_24_349_313_79_81_117_301_382_276_267_265_262_261_260,11,395_7_340_27_72_409_365_362_358_380_377_42_47_355_19_24_349_313_79_81_117_301_382_275_273_372_306_0_365_362_358_380_377_42_47_355_19_24_349_313_79_81_117_301_382_275_273_372_306_0_365,11
395_7_340_27_72_409_365_362_358_380_377_42_47_355_19_24_349_313_79_81_117_301_382_276_267_265_262_261_260,11,395_7_340_27_72_409_365_362_358_380_377_42_47_355_19_24_349_313_79_81_117_301_382_275_273_372_306_0_365_362_358_380_377_42_47_355_19_24_349_313_79_81_117_301_382_275_273_372_306_0_365,11
395_7_340_27_72_409_365_362_358_380_377_42_47_355_19_24_349_313_79_81_117_301_382_276_267_265_262_261_260,11,395_7_340_27_72_409_365_362_358_380_377_42_47_355_19_24_349_313_79_81_117_301_382_275_273_372_306_0_365_362_358_380_377_42_47_355_19_24_349_313_79_81_117_301_382_275_273_372_306_0_365,11
395_7_340_27_72_409_365_362_358_380_377_42_47_355_19_24_349_313_79_80_118_124_116_278_276_267_265_262_261_260,11,395_7_340_27_72_409_365_362_358_380_377_42_47_355_19_24_349_313_79_81_117_301_382_275_273_372_306_0_365_362_358_380_377_42_47_355_19_24_349_313_79_81_117_301_382_275_273_372_306_0_365,11
395_7_340_27_72_409_365_362_358_380_377_42_47_355_19_24_349_313_79_81_117_301_382_276_267_265_262_261_260,12,395_7_340_27_72_409_365_362_358_380_377_42_47_355_19_24_349_313_79_81_117_301_382_275_273_372_306_0_365_362_358_380_377_42_47_355_19_24_349_313_79_81_117_301_382_275_273_372_306_0_365,12
395_7_340_27_72_409_365_362_358_380_377_42_47_355_19_24_349_313_79_81_117_301_382_276_267_265_262_261_260,12,395_7_340_27_72_409_365_362_358_380_377_42_47_355_19_24_349_313_79_81_117_301_382_275_273_372_306_0_365_362_358_380_377_42_47_355_19_24_349_313_79_81_117_301_382_275_273_372_306_0_365,12
395_7_340_27_72_409_365_362_358_380_377_42_47_355_19_24_349_313_79_81_117_301_382_276_267_265_262_261_260,13,395_7_340_27_72_409_365_362_358_380_377_42_47_355_19_24_349_313_79_81_117_301_382_275_273_372_306_0_365_362_358_380_377_42_47_355_19_24_349_313_79_81_117_301_382_275_273_372_306_0_365,13
345_169_369_168_374_156_157_176_177_189_190_211_202_235_246_34_33_31_357_40_50_19_24_349_313_79_81_117_301_382_276_267_265_262_261,11,345_169_370_402_4_0_365_362_358_380_377_42_47_355_19_24_349_313_79_80_118_124_116_278_275_273_372_306_0_365_362_358_380_377_42_47_355_19_24_349_313_79_80_118_124_116_278_275_273_372_306,11
390_344_168_374_156_157_176_177_189_190_211_202_235_246_34_33_31_357_40_50_19_24_349_313_79_80_118_124_116_278_276_267,13,390_344_168_374_156_157_176_177_189_190_211_202_235_246_34_33_31_357_40_50_19_24_349_313_79_80_118_124_116_278_275_273_372_306_0_365_362_358_380_377_42_47_355_19_24_349_313_79_80_118_124,13
395_7_340_27_72_409_365_362_358_380_377_42_47_355_19_24_349_313_79_80_118_124_116_278_276_267,13,395_7_340_27_72_409_365_362_358_380_377_42_47_355_19_24_349_313_79_80_118_124_116_278_275_273_372_306_0_365_362_358_380_377_42_47_355_19_24_349_313_79_80_118_124_116_278_275_273_372_306,13
395_7_340_27_72_409_365_362_358_380_377_42_47_355_20_23_73_21_84_80_118_124_116_278_276_267,13,395_7_340_27_72_409_365_362_358_380_377_42_47_355_19_24_349_313_79_80_118_124_116_278_275_273_372_306_0_365_362_358_380_377_42_47_355_19_24_349_313_79_80_118_124_116_278_275_273_372_306,13
176_177_189_190_211_202_235_246_34_33_31_357_40_50_20_23_73_22_329_89_281,10,176_177_189_190_211_202_235_246_34_33_31_357_40_50_20_23_73_22_329_88_0_365_362_358_380_377_42_47_355_20_23_73_22_329_88_0_365_362_358_380_377_42_47_355_20_23_73_22_329_88_0,10
212_153_156_157_176_177_189_190_211_202_235_246_34_33_31_357_40_50_20_23_73_22_329_89_281,12,212_153_156_157_176_177_189_190_211_202_235_246_34_33_31_357_40_50_20_23_73_22_329_88_0_365_362_358_380_377_42_47_355_20_23_73_22_329_88_0_365_362_358_380_377_42_47_355_20_23_73,12
345_169_369_168_374_156_157_176_177_189_190_211_202_235_246_34_33_31_357_40_50_20_23_73_22_329_89_281,11,345_169_369_168_374_156_157_176_177_189_190_211_202_235_246_34_33_31_357_40_50_20_23_73_22_329_88_0_365_362_358_380_377_42_47_355_20_23_73_22_329_88_0_365_362_358_380_377_42_47_355,11
347_83_77_75_310_237_233_235_246_34_33_31_357_40_50_20_23_73_22_329_89_281,10,347_83_76_79_81_117_301_382_275_273_372_306_0_365_362_358_380_377_42_47_355_20_23_73_22_329_88_0_365_362_358_380_377_42_47_355_20_23_73_22_329_88_0_365_362_358_380_377_42_47_355,10
390_344_168_374_156_157_176_177_189_190_211_202_235_246_34_33_31_357_40_50_20_23_73_22_329_89_281,10,390_344_168_374_156_157_176_177_189_190_211_202_235_246_34_33_31_357_40_50_20_23_73_22_329_88_0_365_362_358_380_377_42_47_355_20_23_73_22_329_88_0_365_362_358_380_377_42_47_355_20,10
395_7_340_27_72_409_365_362_358_380_377_42_47_355_20_23_73_22_329_89_281,12,395_7_340_27_72_409_365_362_358_380_377_42_47_355_20_23_73_22_329_88_0_365_362_358_380_377_42_47_355_20_23_73_22_329_88_0_365_362_358_380_377_42_47_355_20_23_73_22_329_88_0,12
400_286_235_246_34_33_31_357_40_50_20_23_73_22_329_89_281,13,400_286_235_246_34_33_31_357_40_50_20_23_73_22_329_89_281,13
400_286_235_246_34_33_31_357_40_50_20_23_73_22_329_89_281,13,400_286_235_246_34_33_31_357_40_50_20_23_73_22_329_89_281,13
324_326_280_397_385_91_85_314_347_83_77_75_310_236_376_231_198_196_195_181_223_213_294,11,324_326_280_397_385_90_88_0_366_351_248_30_236_376_231_198_196_195_181_222_221_0_366_351_248_30_236_376_231_198_196_195_181_222_221_0_366_351_248_30_236_376_231_198_196_195_181_222_221_0_366,11
324_326_280_397_385_91_85_314_347_83_77_75_310_236_376_231_198_196_195_181_223_213_294,12,324_326_280_397_385_90_88_0_366_351_248_30_236_376_231_198_196_195_181_222_221_0_366_351_248_30_236_376_231_198_196_195_181_222_221_0_366_351_248_30_236_376_231_198_196_195_181_222_221_0_366,12
345_169_369_168_374_156_157_176_177_189_191_193_181_223_213_294,10,345_169_370_402_4_0_366_351_248_30_236_376_231_198_196_195_181_222_221_0_366_351_248_30_236_376_231_198_196_195_181_222_221_0_366_351_248_30_236_376_231_198_196_195_181_222_221_0_366_351_248,10
50_19_24_349_313_79_80_118_124_116_278_275_273_372_306,10,50_19_24_349_313_79_80_118_124_116_278_275_273_372_306,10
78_50_19_24_349_313_79_80_118_124_116_278_275_273_372_306,13,78_50_19_24_349_313_79_80_118_124_116_278_275_273_372_306,13
148_227_151_152_153_156_157_176_177_189_190_211_202_235_246_34_33_31_357_40_50_20_23_73_21_84_80_118_124_116_278_275_273_372_306,10,148_227_149_176_177_189_190_211_202_235_246_34_33_31_357_40_50_19_24_349_313_79_80_118_124_116_278_275_273_372_306,10
238_400_286_235_246_34_33_31_357_40_50_19_24_349_313_79_80_118_124_116_278_275_273_372_306,11,238_400_286_235_246_34_33_31_357_40_50_19_24_349_313_79_80_118_124_116_278_275_273_372_306,11
246_34_33_31_357_40_50_19_24_349_313_79_81_117_301_382_275_273_372_306,10,246_34_33_31_357_40_50_19_24_349_313_79_80_118_124_116_278_275_273_372_306,10
345_169_369_168_374_156_157_176_177_189_190_211_202_235_246_34_33_31_357_40_50_19_24_349_313_79_80_118_124_116_278_275_273_372_306,10,345_169_369_168_374_156_157_176_177_189_190_211_202_235_246_34_33_31_357_40_50_19_24_349_313_79_80_118_124_116_278_275_273_372_306,10
345_169_369_168_374_156_157_176_177_189_190_211_202_235_246_34_33_31_357_40_50_19_24_349_313_79_80_118_124_116_278_275_273_372_306,13,345_169_369_168_374_156_157_176_177_189_190_211_202_235_246_34_33_31_357_40_50_19_24_349_313_79_80_118_124_116_278_275_273_372_306,13
345_169_369_168_374_156_157_176_177_189_190_211_202_235_246_34_33_31_357_40_50_19_24_349_313_79_80_118_124_116_278_275_273_372_306,13,345_169_369_168_374_156_157_176_177_189_190_211_202_235_246_34_33_31_357_40_50_19_24_349_313_79_80_118_124_116_278_275_273_372_306,13
347_83_78_50_19_24_349_313_79_80_118_124_116_278_275_273_372_306,11,347_83_76_79_80_118_124_116_278_275_273_372_306,11
355_19_24_349_313_79_80_118_124_116_278_275_273_372_306,10,355_19_24_349_313_79_80_118_124_116_278_275_273_372_306,10
367_400_286_235_246_34_33_31_357_40_50_19_24_349_313_79_80_118_124_116_278_275_273_372_306,13,367_400_286_235_246_34_33_31_357_40_50_19_24_349_313_79_80_118_124_116_278_275_273_372_306,13
367_400_286_235_246_34_33_31_357_40_50_19_24_349_313_79_81_117_301_382_275_273_372_306,13,367_400_286_235_246_34_33_31_357_40_50_19_24_349_313_79_80_118_124_116_278_275_273_372_306,13
395_7_340_27_72_409_365_362_358_380_377_42_47_355_19_24_349_313_79_80_118_124_116_278_275_273_372_306,10,395_7_340_27_72_409_365_362_358_380_377_42_47_355_19_24_349_313_79_80_118_124_116_278_275_273_372_306,10
395_7_340_27_72_409_365_362_358_380_377_42_47_355_19_24_349_313_79_81_117_301_382_275_273_372_306,10,395_7_340_27_72_409_365_362_358_380_377_42_47_355_19_24_349_313_79_80_118_124_116_278_275_273_372_306,10
395_7_340_27_72_409_365_362_358_380_377_42_47_355_19_24_349_313_79_80_118_124_116_278_275_273_372_306,10,395_7_340_27_72_409_365_362_358_380_377_42_47_355_19_24_349_313_79_80_118_124_116_278_275_273_372_306,10
395_7_340_27_72_409_365_362_358_380_377_42_47_355_19_24_349_313_79_81_117_301_382_275_273_372_306,10,395_7_340_27_72_409_365_362_358_380_377_42_47_355_19_24_349_313_79_80_118_124_116_278_275_273_372_306,10
395_7_340_27_72_409_365_362_358_380_377_42_47_355_19_24_349_313_79_81_117_301_382_275_273_372_306,10,395_7_340_27_72_409_365_362_358_380_377_42_47_355_19_24_349_313_79_80_118_124_116_278_275_273_372_306,10
395_7_340_27_72_409_365_362_358_380_377_42_47_355_19_24_349_313_79_80_118_124_116_278_275_273_372_306,11,395_7_340_27_72_409_365_362_358_380_377_42_47_355_19_24_349_313_79_80_118_124_116_278_275_273_372_306,11
395_7_340_27_72_409_365_362_358_380_377_42_47_355_19_24_349_313_79_80_118_124_116_278_275_273_372_306,11,395_7_340_27_72_409_365_362_358_380_377_42_47_355_19_24_349_313_79_80_118_124_116_278_275_273_372_306,11
395_7_340_27_72_409_365_362_358_380_377_42_47_355_19_24_349_313_79_81_117_301_382_275_273_372_306,12,395_7_340_27_72_409_365_362_358_380_377_42_47_355_19_24_349_313_79_80_118_124_116_278_275_273_372_306,12
395_7_340_27_72_409_365_362_358_380_377_42_47_355_19_24_349_313_79_81_117_301_382_275_273_372_306,12,395_7_340_27_72_409_365_362_358_380_377_42_47_355_19_24_349_313_79_80_118_124_116_278_275_273_372_306,12
395_7_340_27_72_409_365_362_358_380_377_42_47_355_19_24_349_313_79_80_118_124_116_278_275_273_372_306,12,395_7_340_27_72_409_365_362_358_380_377_42_47_355_19_24_349_313_79_80_118_124_116_278_275_273_372_306,12
395_7_340_27_72_409_365_362_358_380_377_42_47_355_19_24_349_313_79_81_117_301_382_275_273_372_306,13,395_7_340_27_72_409_365_362_358_380_377_42_47_355_19_24_349_313_79_80_118_124_116_278_275_273_372_306,13
395_7_340_27_72_409_365_362_358_380_377_42_47_355_19_24_349_313_79_80_118_124_116_278_275_273_372_306,13,395_7_340_27_72_409_365_362_358_380_377_42_47_355_19_24_349_313_79_80_118_124_116_278_275_273_372_306,13
395_7_340_27_72_409_365_362_358_380_377_42_47_355_19_24_349_313_79_81_117_301_382_275_273_372_306,13,395_7_340_27_72_409_365_362_358_380_377_42_47_355_19_24_349_313_79_80_118_124_116_278_275_273_372_306,13
400_286_235_246_34_33_31_357_40_50_19_24_349_313_79_81_117_301_382_275_273_372_306,10,400_286_235_246_34_33_31_357_40_50_19_24_349_313_79_80_118_124_116_278_275_273_372_306,10
105_112_114_116_278_275_274_308_386_397_385_90_89_281_324,10,105_112_114_116_278_275_273_372_306_0_365_362_358_380_377_42_47_355_20_23_73_22_329_88_0_365_362_358_380_377_42_47_355_20_23_73_22_329_88_0_365_362_358_380_377_42_47_355_20_23_73,10
395_7_340_27_72_409_365_362_358_380_377_42_47_355_20_23_73_22_329_89_281_324,13,395_7_340_27_72_409_365_362_358_380_377_42_47_355_20_23_73_22_329_89_281_325_0_365_362_358_380_377_42_47_355_20_23_73_22_329_89_281_325_0_365_362_358_380_377_42_47_355_20_23_73,13
15_34_33_31_357_40_50_20_23_73_22_329_89_281_325,11,15_34_33_31_357_40_50_20_23_73_22_329_88_0_365_362_358_380_377_42_47_355_20_23_73_22_329_88_0_365_362_358_380_377_42_47_355_20_23_73_22_329_88_0_365_362_358_380_377_42_47,11
16_238_400_286_235_246_34_33_31_357_40_50_20_23_73_22_329_89_281_325,12,16_238_400_286_235_246_34_33_31_357_40_50_20_23_73_22_329_88_0_365_362_358_380_377_42_47_355_20_23_73_22_329_88_0_365_362_358_380_377_42_47_355_20_23_73_22_329_88_0_365_362,12
144_211_202_235_246_34_33_31_357_40_50_20_23_73_22_329_89_281_325,11,144_211_202_235_246_34_33_31_357_40_50_20_23_73_22_329_88_0_365_362_358_380_377_42_47_355_20_23_73_22_329_88_0_365_362_358_380_377_42_47_355_20_23_73_22_329_88_0_365_362_358,11
149_176_177_189_190_211_202_235_246_34_33_31_357_40_50_20_23_73_22_329_89_281_325,10,149_176_177_189_190_211_202_235_246_34_33_31_357_40_50_20_23_73_22_329_88_0_365_362_358_380_377_42_47_355_20_23_73_22_329_88_0_365_362_358_380_377_42_47_355_20_23_73_22_329_88,10
157_176_177_189_190_211_202_235_246_34_33_31_357_40_50_20_23_73_22_329_89_281_325,10,157_176_177_189_190_211_202_235_246_34_33_31_357_40_50_20_23_73_22_329_88_0_365_362_358_380_377_42_47_355_20_23_73_22_329_88_0_365_362_358_380_377_42_47_355_20_23_73_22_329_88,10
176_177_189_190_211_202_235_246_34_33_31_357_40_50_20_23_73_22_329_89_281_325,10,176_177_189_190_211_202_235_246_34_33_31_357_40_50_20_23_73_22_329_88_0_365_362_358_380_377_42_47_355_20_23_73_22_329_88_0_365_362_358_380_377_42_47_355_20_23_73_22_329_88_0,10
176_177_189_190_211_202_235_246_34_33_31_357_40_50_20_23_73_22_329_89_281_325,10,176_177_189_190_211_202_235_246_34_33_31_357_40_50_20_23_73_22_329_88_0_365_362_358_380_377_42_47_355_20_23_73_22_329_88_0_365_362_358_380_377_42_47_355_20_23_73_22_329_88_0,10
202_235_246_34_33_31_357_40_50_20_23_73_22_329_89_281_325,10,202_235_246_34_33_31_357_40_50_20_23_73_22_329_88_0_365_362_358_380_377_42_47_355_20_23_73_22_329_88_0_365_362_358_380_377_42_47_355_20_23_73_22_329_88_0_365_362_358_380_377,10
211_202_235_246_34_33_31_357_40_50_20_23_73_22_329_89_281_325,10,211_202_235_246_34_33_31_357_40_50_20_23_73_22_329_88_0_365_362_358_380_377_42_47_355_20_23_73_22_329_88_0_365_362_358_380_377_42_47_355_20_23_73_22_329_88_0_365_362_358_380,10
211_202_235_246_34_33_31_357_40_50_20_23_73_22_329_89_281_325,10,211_202_235_246_34_33_31_357_40_50_20_23_73_22_329_88_0_365_362_358_380_377_42_47_355_20_23_73_22_329_88_0_365_362_358_380_377_42_47_355_20_23_73_22_329_88_0_365_362_358_380,10
211_202_235_246_34_33_31_357_40_50_20_23_73_22_329_89_281_325,10,211_202_235_246_34_33_31_357_40_50_20_23_73_22_329_88_0_365_362_358_380_377_42_47_355_20_23_73_22_329_88_0_365_362_358_380_377_42_47_355_20_23_73_22_329_88_0_365_362_358_380,10
235_246_34_33_31_357_40_50_20_23_73_22_329_89_281_325,10,235_246_34_33_31_357_40_50_20_23_73_22_329_88_0_365_362_358_380_377_42_47_355_20_23_73_22_329_88_0_365_362_358_380_377_42_47_355_20_23_73_22_329_88_0_365_362_358_380_377_42,10
238_400_286_235_246_34_33_31_357_40_50_20_23_73_22_329_89_281_325,10,238_400_286_235_246_34_33_31_357_40_50_20_23_73_22_329_88_0_365_362_358_380_377_42_47_355_20_23_73_22_329_88_0_365_362_358_380_377_42_47_355_20_23_73_22_329_88_0_365_362_358,10
238_400_286_235_246_34_33_31_357_40_50_20_23_73_22_329_89_281_325,11,238_400_286_235_246_34_33_31_357_40_50_20_23_73_22_329_88_0_365_362_358_380_377_42_47_355_20_23_73_22_329_88_0_365_362_358_380_377_42_47_355_20_23_73_22_329_88_0_365_362_358,11
246_34_33_31_357_40_50_20_23_73_22_329_89_281_325,10,246_34_33_31_357_40_50_20_23_73_22_329_88_0_365_362_358_380_377_42_47_355_20_23_73_22_329_88_0_365_362_358_380_377_42_47_355_20_23_73_22_329_88_0_365_362_358_380_377_42_47,10
246_34_33_31_357_40_50_20_23_73_22_329_89_281_325,10,246_34_33_31_357_40_50_20_23_73_22_329_88_0_365_362_358_380_377_42_47_355_20_23_73_22_329_88_0_365_362_358_380_377_42_47_355_20_23_73_22_329_88_0_365_362_358_380_377_42_47,10
246_34_33_31_357_40_50_20_23_73_22_329_89_281_325,10,246_34_33_31_357_40_50_20_23_73_22_329_88_0_365_362_358_380_377_42_47_355_20_23_73_22_329_88_0_365_362_358_380_377_42_47_355_20_23_73_22_329_88_0_365_362_358_380_377_42_47,10
286_235_246_34_33_31_357_40_50_20_23_73_22_329_89_281_325,10,286_235_246_34_33_31_357_40_50_20_23_73_22_329_88_0_365_362_358_380_377_42_47_355_20_23_73_22_329_88_0_365_362_358_380_377_42_47_355_20_23_73_22_329_88_0_365_362_358_380_377,10
324_326_280_397_385_91_85_314_347_83_78_50_20_23_73_22_329_89_281_325,12,324_326_279_281_325,12
345_169_369_168_374_156_157_176_177_189_190_211_202_235_246_34_33_31_357_40_50_20_23_73_22_329_89_281_325,10,345_169_369_168_374_156_157_176_177_189_190_211_202_235_246_34_33_31_357_40_50_20_23_73_22_329_88_0_365_362_358_380_377_42_47_355_20_23_73_22_329_88_0_365_362_358_380_377_42_47_355,10
345_169_369_168_374_156_157_176_177_189_190_211_202_235_246_34_33_31_357_40_50_20_23_73_22_329_89_281_325,10,345_169_369_168_374_156_157_176_177_189_190_211_202_235_246_34_33_31_357_40_50_20_23_73_22_329_88_0_365_362_358_380_377_42_47_355_20_23_73_22_329_88_0_365_362_358_380_377_42_47_355,10
345_169_369_168_374_156_157_176_177_189_190_211_202_235_246_34_33_31_357_40_50_20_23_73_22_329_89_281_325,10,345_169_369_168_374_156_157_176_177_189_190_211_202_235_246_34_33_31_357_40_50_20_23_73_22_329_88_0_365_362_358_380_377_42_47_355_20_23_73_22_329_88_0_365_362_358_380_377_42_47_355,10
345_169_369_168_374_156_157_176_177_189_190_211_202_235_246_34_33_31_357_40_50_20_23_73_22_329_89_281_325,11,345_169_369_168_374_156_157_176_177_189_190_211_202_235_246_34_33_31_357_40_50_20_23_73_22_329_88_0_365_362_358_380_377_42_47_355_20_23_73_22_329_88_0_365_362_358_380_377_42_47_355,11
345_169_369_168_374_156_157_176_177_189_190_211_202_235_246_34_33_31_357_40_50_20_23_73_22_329_89_281_325,11,345_169_369_168_374_156_157_176_177_189_190_211_202_235_246_34_33_31_357_40_50_20_23_73_22_329_88_0_365_362_358_380_377_42_47_355_20_23_73_22_329_88_0_365_362_358_380_377_42_47_355,11
345_169_369_168_374_156_157_176_177_189_190_211_202_235_246_34_33_31_357_40_50_20_23_73_22_329_89_281_325,11,345_169_369_168_374_156_157_176_177_189_190_211_202_235_246_34_33_31_357_40_50_20_23_73_22_329_88_0_365_362_358_380_377_42_47_355_20_23_73_22_329_88_0_365_362_358_380_377_42_47_355,11
345_169_369_168_374_156_157_176_177_189_190_211_202_235_246_34_33_31_357_40_50_20_23_73_22_329_89_281_325,11,345_169_369_168_374_156_157_176_177_189_190_211_202_235_246_34_33_31_357_40_50_20_23_73_22_329_88_0_365_362_358_380_377_42_47_355_20_23_73_22_329_88_0_365_362_358_380_377_42_47_355,11
345_169_369_168_374_156_157_176_177_189_190_211_202_235_246_34_33_31_357_40_50_20_23_73_22_329_89_281_325,11,345_169_369_168_374_156_157_176_177_189_190_211_202_235_246_34_33_31_357_40_50_20_23_73_22_329_88_0_365_362_358_380_377_42_47_355_20_23_73_22_329_88_0_365_362_358_380_377_42_47_355,11
345_169_369_168_374_156_157_176_177_189_190_211_202_235_246_34_33_31_357_40_50_20_23_73_22_329_89_281_325,12,345_169_369_168_374_156_157_176_177_189_190_211_202_235_246_34_33_31_357_40_50_20_23_73_22_329_88_0_365_362_358_380_377_42_47_355_20_23_73_22_329_88_0_365_362_358_380_377_42_47_355,12
345_169_369_168_374_156_157_176_177_189_190_211_202_235_246_34_33_31_357_40_50_20_23_73_22_329_89_281_325,12,345_169_369_168_374_156_157_176_177_189_190_211_202_235_246_34_33_31_357_40_50_20_23_73_22_329_88_0_365_362_358_380_377_42_47_355_20_23_73_22_329_88_0_365_362_358_380_377_42_47_355,12
345_169_369_168_374_156_157_176_177_189_190_211_202_235_246_34_33_31_357_40_50_20_23_73_22_329_89_281_325,12,345_169_369_168_374_156_157_176_177_189_190_211_202_235_246_34_33_31_357_40_50_20_23_73_22_329_88_0_365_362_358_380_377_42_47_355_20_23_73_22_329_88_0_365_362_358_380_377_42_47_355,12
345_169_369_168_374_156_157_176_177_189_190_211_202_235_246_34_33_31_357_40_50_20_23_73_22_329_89_281_325,12,345_169_369_168_374_156_157_176_177_189_190_211_202_235_246_34_33_31_357_40_50_20_23_73_22_329_88_0_365_362_358_380_377_42_47_355_20_23_73_22_329_88_0_365_362_358_380_377_42_47_355,12
367_400_286_235_246_34_33_31_357_40_50_20_23_73_22_329_89_281_325,12,367_400_286_235_246_34_33_31_357_40_50_20_23_73_22_329_88_0_365_362_358_380_377_42_47_355_20_23_73_22_329_88_0_365_362_358_380_377_42_47_355_20_23_73_22_329_88_0_365_362_358,12
367_400_286_235_246_34_33_31_357_40_50_20_23_73_22_329_89_281_325,12,367_400_286_235_246_34_33_31_357_40_50_20_23_73_22_329_88_0_365_362_358_380_377_42_47_355_20_23_73_22_329_88_0_365_362_358_380_377_42_47_355_20_23_73_22_329_88_0_365_362_358,12
367_400_286_235_246_34_33_31_357_40_50_20_23_73_22_329_89_281_325,13,367_400_286_235_246_34_33_31_357_40_50_20_23_73_22_329_88_0_365_362_358_380_377_42_47_355_20_23_73_22_329_88_0_365_362_358_380_377_42_47_355_20_23_73_22_329_88_0_365_362_358,13
390_344_168_374_156_157_176_177_189_190_211_202_235_246_34_33_31_357_40_50_20_23_73_22_329_89_281_325,10,390_344_168_374_156_157_176_177_189_190_211_202_235_246_34_33_31_357_40_50_20_23_73_22_329_88_0_365_362_358_380_377_42_47_355_20_23_73_22_329_88_0_365_362_358_380_377_42_47_355_20,10
390_344_168_374_156_157_176_177_189_190_211_202_235_246_34_33_31_357_40_50_20_23_73_22_329_89_281_325,13,390_344_168_374_156_157_176_177_188_147_0_365_362_358_380_377_42_47_355_20_23_73_22_329_88_0_365_362_358_380_377_42_47_355_20_23_73_22_329_88_0_365_362_358_380_377_42_47_355_20_23,13
395_7_340_27_72_409_365_362_358_380_377_42_47_355_20_23_73_22_329_89_281_325,10,395_7_340_27_72_409_365_362_358_380_377_42_47_355_20_23_73_22_329_88_0_365_362_358_380_377_42_47_355_20_23_73_22_329_88_0_365_362_358_380_377_42_47_355_20_23_73_22_329_88_0,10
395_7_340_27_72_409_365_362_358_380_377_42_47_355_20_23_73_22_329_89_281_325,10,395_7_340_27_72_409_365_362_358_380_377_42_47_355_20_23_73_22_329_88_0_365_362_358_380_377_42_47_355_20_23_73_22_329_88_0_365_362_358_380_377_42_47_355_20_23_73_22_329_88_0,10
395_7_340_27_72_409_365_362_358_380_377_42_47_355_20_23_73_22_329_89_281_325,11,395_7_340_27_72_409_365_362_358_380_377_42_47_355_20_23_73_22_329_88_0_365_362_358_380_377_42_47_355_20_23_73_22_329_88_0_365_362_358_380_377_42_47_355_20_23_73_22_329_88_0,11
395_7_340_27_72_409_365_362_358_380_377_42_47_355_20_23_73_22_329_89_281_325,14,395_7_340_27_72_409_365_362_358_380_377_42_47_355_20_23_73_22_329_88_0_365_362_358_380_377_42_47_355_20_23_73_22_329_88_0_365_362_358_380_377_42_47_355_20_23_73_22_329_88_0,14
400_286_235_246_34_33_31_357_40_50_20_23_73_22_329_89_281_325,10,400_286_235_246_34_33_31_357_40_50_20_23_73_22_329_88_0_365_362_358_380_377_42_47_355_20_23_73_22_329_88_0_365_362_358_380_377_42_47_355_20_23_73_22_329_88_0_365_362_358_380,10
400_286_235_246_34_33_31_357_40_50_20_23_73_22_329_89_281_325,10,400_286_235_246_34_33_31_357_40_50_20_23_73_22_329_88_0_365_362_358_380_377_42_47_355_20_23_73_22_329_88_0_365_362_358_380_377_42_47_355_20_23_73_22_329_88_0_365_362_358_380,10
400_286_235_246_34_33_31_357_40_50_20_23_73_22_329_89_281_325,10,400_286_235_246_34_33_31_357_40_50_20_23_73_22_329_88_0_365_362_358_380_377_42_47_355_20_23_73_22_329_88_0_365_362_358_380_377_42_47_355_20_23_73_22_329_88_0_365_362_358_380,10
400_286_235_246_34_33_31_357_40_50_20_23_73_22_329_89_281_325,13,400_286_235_246_34_33_31_357_40_50_20_23_73_22_329_88_0_365_362_358_380_377_42_47_355_20_23_73_22_329_88_0_365_362_358_380_377_42_47_355_20_23_73_22_329_88_0_365_362_358_380,13
400_286_235_246_34_33_31_357_40_50_20_23_73_22_329_89_281_325,13,400_286_235_246_34_33_31_357_40_50_20_23_73_22_329_88_0_365_362_358_380_377_42_47_355_20_23_73_22_329_88_0_365_362_358_380_377_42_47_355_20_23_73_22_329_88_0_365_362_358_380,13
345_169_369_168_374_156_157_176_177_189_190_211_202_235_246_34_33_31_357_40_50_20_23_73_22_329,13,345_169_369_168_374_156_157_176_177_189_190_211_202_235_246_34_33_31_357_40_50_20_23_73_22_329,13
345_169_369_168_374_156_157_176_177_189_190_211_202_235_246_34_33_31_357_40_49_364_48_44_51_330,10,345_169_369_168_374_156_157_176_177_189_190_211_202_235_246_34_33_31_356_35_338_362_358_380_377_41_377_41_377_41_377_41_377_41_377_41_377_41_377_41_377_41_377_41_377_41_377_41_377_41_377,10
324_326_280_397_385_91_85_314_347_83_78_49_364_46_41_379_38_35_337,11,324_326_280_397_385_91_85_314_347_83_77_75_309_356_35_338_362_358_380_377_41_377_41_377_41_377_41_377_41_377_41_377_41_377_41_377_41_377_41_377_41_377_41_377_41_377_41_377_41_377_41,11
345_169_369_168_374_156_157_176_177_189_190_211_202_235_246_34_33_31_357_40_50_19_24_348_347,11,345_169_369_168_374_156_157_176_177_189_190_211_202_235_246_34_33_31_357_40_50_20_23_73_22_329_88_0_365_362_358_380_377_41_377_41_377_41_377_41_377_41_377_41_377_41_377_41_377_41_377,11
345_169_369_168_374_156_157_176_177_189_190_211_202_235_246_34_33_31_357_40_50_19_24_349,13,345_169_369_168_374_156_157_176_177_189_190_211_202_235_246_34_33_31_357_40_50_20_23_73_22_329_88_0_365_362_358_380_377_42_47_355_20_23_73_22_329_88_0_365_362_358_380_377_42_47_355,13
390_344_168_374_156_157_176_177_189_190_211_202_235_246_34_33_31_357_40_49_363_355,11,390_344_168_374_156_157_176_177_189_190_211_202_235_246_34_33_31_357_40_50_20_23_73_22_329_88_0_365_361_352_1_127_409_365_361_352_1_127_409_365_361_352_1_127_409_365_361_352_1_127_409,11
345_169_369_168_374_156_157_176_177_189_190_211_202_235_246_34_33_31_356,12,345_169_369_168_374_156_157_176_177_189_190_211_202_235_246_34_33_31_356,12
345_169_369_168_374_156_157_176_177_189_190_211_202_235_246_34_33_31_356,12,345_169_369_168_374_156_157_176_177_189_190_211_202_235_246_34_33_31_356,12
324_326_280_397_385_91_85_314_347_83_77_75_310_236_376,10,324_326_280_397_385_91_85_314_347_83_77_75_310_236_376,10
324_326_280_397_385_91_85_314_347_83_77_75_310_236_376,12,324_326_280_397_385_91_85_314_347_83_77_75_310_236_376,12
324_326_280_397_385_91_85_314_347_83_77_75_310_236_376,14,324_326_280_397_385_91_85_314_347_83_77_75_310_236_376,14
390_344_168_374_156_157_176_177_189_190_211_202_235_246_34_33_30_236_376,12,390_344_168_374_156_157_176_177_189_190_211_202_235_246_34_33_30_236_376,12
345_169_369_168_374_156_157_176_177_189_190_211_202_235_246_34_33_31_357_40_50_19_24_349_313_79_81_117_302_389_382,12,345_169_369_168_374_156_157_176_177_189_190_211_202_235_246_34_33_31_357_40_50_20_23_73_22_329_88_0_365_362_358_380_377_42_47_355_20_23_73_22_329_88_0_365_362_358_380_377_42_47_355,12
395_7_340_27_72_409_365_362_358_380_377_42_47_355_20_23_73_21_84_81_117_301_382,13,395_7_340_27_72_409_365_362_358_380_377_42_47_355_20_23_73_22_329_88_0_365_362_358_380_377_42_47_355_20_23_73_22_329_88_0_365_362_358_380_377_42_47_355_20_23_73_22_329_88_0,13
395_7_340_27_72_409_365_362_358_380_377_42_47_355_19_24_349_313_79_81_117_301_382,13,395_7_340_27_72_409_365_362_358_380_377_42_47_355_20_23_73_22_329_88_0_365_362_358_380_377_42_47_355_20_23_73_22_329_88_0_365_362_358_380_377_42_47_355_20_23_73_22_329_88_0,13
395_7_340_27_72_409_365_362_358_380_377_42_47_355_19_24_349_313_79_81_117_301_382,13,395_7_340_27_72_409_365_362_358_380_377_42_47_355_20_23_73_22_329_88_0_365_362_358_380_377_42_47_355_20_23_73_22_329_88_0_365_362_358_380_377_42_47_355_20_23_73_22_329_88_0,13
395_7_340_27_72_409_365_362_358_380_377_42_47_355_19_24_349_313_79_81_117_301_382,13,395_7_340_27_72_409_365_362_358_380_377_42_47_355_20_23_73_22_329_88_0_365_362_358_380_377_42_47_355_20_23_73_22_329_88_0_365_362_358_380_377_42_47_355_20_23_73_22_329_88_0,13
15_34_33_30_236_376_231_198_196_195_180_315_185_179_418_251_164_174_159_167_166_391,12,15_34_32_13_15_34_32_13_15_34_32_13_15_34_32_13_15_34_32_13_15_34_32_13_15_34_32_13_15_34_32_13_15_34_32_13_15_34_32_13_15_34_32_13_15_34_32_13_15_34_32,12
15_34_33_30_236_376_231_198_196_195_180_315_185_179_418_251_164_174_159_167_166_391,12,15_34_32_13_15_34_32_13_15_34_32_13_15_34_32_13_15_34_32_13_15_34_32_13_15_34_32_13_15_34_32_13_15_34_32_13_15_34_32_13_15_34_32_13_15_34_32_13_15_34_32,12
34_33_30_236_376_231_198_196_195_180_315_185_179_418_251_164_174_159_167_166_391,10,34_33_30_236_376_231_198_196_195_180_315_185_179_418_251_164_174_159_167_166_391,10
55_132_134_52_360_0_366_351_248_30_236_376_231_198_196_195_180_315_185_179_418_251_164_174_159_167_166_391,10,55_132_134_52_360_0_366_351_248_30_236_376_231_198_196_195_180_315_185_179_418_251_164_174_159_167_166_391,10
55_132_134_52_360_0_366_351_248_30_236_376_231_198_196_195_180_315_185_179_418_251_164_174_159_167_166_391,11,55_132_134_52_360_0_366_351_248_30_236_376_231_198_196_195_180_315_185_179_418_251_164_174_159_167_166_391,11
55_132_134_52_360_0_366_351_248_30_236_376_231_198_196_195_180_315_185_179_418_251_164_174_159_167_166_391,11,55_132_134_52_360_0_366_351_248_30_236_376_231_198_196_195_180_315_185_179_418_251_164_174_159_167_166_391,11
206_196_195_180_315_185_179_418_251_164_174_159_167_166_391,12,206_196_195_180_315_185_179_418_251_164_174_159_167_166_391,12
236_376_231_198_196_195_180_315_185_179_418_251_164_174_159_167_166_391,10,236_376_231_198_196_195_180_315_185_179_418_251_164_174_159_167_166_391,10
238_400_287_200_208_145_146_148_227_151_152_153_155_164_174_159_167_166_391,10,238_400_287_200_208_145_146_148_227_151_152_153_155_164_174_159_167_166_391,10
238_400_287_200_208_145_146_148_227_151_152_153_155_164_174_159_167_166_391,10,238_400_287_200_208_145_146_148_227_151_152_153_155_164_174_159_167_166_391,10
283_21_85_314_347_83_77_75_310_236_376_231_198_196_195_180_315_185_179_418_251_164_174_159_167_166_391,13,283_21_85_314_347_83_77_75_310_236_376_231_198_196_195_180_315_185_179_418_251_164_174_159_167_166_391,13
283_21_85_314_347_83_77_75_310_236_376_231_198_196_195_180_315_185_179_418_251_164_174_159_167_166_391,13,283_21_85_314_347_83_77_75_310_236_376_231_198_196_195_180_315_185_179_418_251_164_174_159_167_166_391,13
287_200_208_145_146_148_227_151_152_153_155_164_174_159_167_166_391,10,287_200_208_145_146_148_227_151_152_153_155_164_174_159_167_166_391,10
324_326_280_397_385_91_85_314_347_83_77_75_310_236_376_231_198_196_195_180_315_185_179_418_251_164_174_159_167_166_391,10,324_326_280_397_385_91_85_314_347_83_77_75_310_236_376_231_198_196_195_180_315_185_179_418_251_164_174_159_167_166_391,10
366_351_248_30_236_376_231_198_196_195_180_315_185_179_418_251_164_174_159_167_166_391,10,366_351_248_30_236_376_231_198_196_195_180_315_185_179_418_251_164_174_159_167_166_391,10
367_400_287_200_208_145_146_148_227_151_152_153_155_164_174_159_167_166_391,11,367_400_287_200_208_145_146_148_227_151_152_153_155_164_174_159_167_166_391,11
367_400_287_200_208_145_146_148_227_151_152_153_155_164_174_159_167_166_391,12,367_400_287_200_208_145_146_148_227_151_152_153_155_164_174_159_167_166_391,12
367_400_287_200_208_145_146_148_227_151_152_153_155_164_174_159_167_166_391,12,367_400_287_200_208_145_146_148_227_151_152_153_155_164_174_159_167_166_391,12
376_231_198_196_195_180_315_185_179_418_251_164_174_159_167_166_391,10,376_231_198_196_195_180_315_185_179_418_251_164_174_159_167_166_391,10
400_287_200_208_145_146_148_227_151_152_153_155_164_174_159_167_166_391,10,400_287_200_208_145_146_148_227_151_152_153_155_164_174_159_167_166_391,10
400_287_200_208_145_146_148_227_151_152_153_155_164_174_159_167_166_391,10,400_287_200_208_145_146_148_227_151_152_153_155_164_174_159_167_166_391,10
400_287_200_208_145_146_148_227_151_152_153_155_164_174_159_167_166_391,11,400_287_200_208_145_146_148_227_151_152_153_155_164_174_159_167_166_391,11
15_34_33_30_236_376_231_198_196_195_180_315_185_179_418_251_164_174_159_167_166_392,10,15_34_33_30_236_376_231_198_196_195_180_315_185_179_418_251_164_174_159_167_166_392,10
15_34_33_30_236_376_231_198_196_195_180_315_185_179_418_251_164_174_159_167_166_392,13,15_34_33_30_236_376_231_198_196_195_180_315_185_179_418_251_164_174_159_167_166_392,13
21_85_314_347_83_77_75_310_236_376_231_198_196_195_180_315_185_179_418_251_164_174_159_167_166_392,10,21_85_314_347_83_77_75_310_236_376_231_198_196_195_180_315_185_179_418_251_164_174_159_167_166_392,10
30_236_376_231_198_196_195_180_315_185_179_418_251_164_174_159_167_166_392,10,30_236_376_231_198_196_195_180_315_185_179_418_251_164_174_159_167_166_392,10
30_236_376_231_198_196_195_180_315_185_179_418_251_164_174_159_167_166_392,10,30_236_376_231_198_196_195_180_315_185_179_418_251_164_174_159_167_166_392,10
30_236_376_231_198_196_195_180_315_185_179_418_251_164_174_159_167_166_392,10,30_236_376_231_198_196_195_180_315_185_179_418_251_164_174_159_167_166_392,10
30_236_376_231_198_196_195_180_315_185_179_418_251_164_174_159_167_166_392,10,30_236_376_231_198_196_195_180_315_185_179_418_251_164_174_159_167_166_392,10
48_45_43_38_36_248_30_236_376_231_198_196_195_180_315_185_179_418_251_164_174_159_167_166_392,10,48_45_42_47_355_20_23_73_21_85_314_347_83_77_75_310_236_376_231_198_196_195_180_315_185_179_418_251_164_174_159_167_166_392,10
55_132_134_52_360_0_366_351_248_30_236_376_231_198_196_195_180_315_185_179_418_251_164_174_159_167_166_392,10,55_132_134_52_360_0_366_351_248_30_236_376_231_198_196_195_180_315_185_179_418_251_164_174_159_167_166_392,10
55_132_134_52_360_0_366_351_248_30_236_376_231_198_196_195_180_315_185_179_418_251_164_174_159_167_166_392,10,55_132_134_52_360_0_366_351_248_30_236_376_231_198_196_195_180_315_185_179_418_251_164_174_159_167_166_392,10
55_132_134_52_360_0_366_351_248_30_236_376_231_198_196_195_180_315_185_179_418_251_164_174_159_167_166_392,12,55_132_134_52_360_0_366_351_248_30_236_376_231_198_196_195_180_315_185_179_418_251_164_174_159_167_166_392,12
55_132_134_52_360_0_366_351_248_30_236_376_231_198_196_195_180_315_185_179_418_251_164_174_159_167_166_392,12,55_132_134_52_360_0_366_351_248_30_236_376_231_198_196_195_180_315_185_179_418_251_164_174_159_167_166_392,12
55_132_134_52_360_0_366_351_248_30_236_376_231_198_196_195_180_315_185_179_418_251_164_174_159_167_166_392,12,55_132_134_52_360_0_366_351_248_30_236_376_231_198_196_195_180_315_185_179_418_251_164_174_159_167_166_392,12
144_210_191_193_180_315_185_179_418_251_164_174_159_167_166_392,10,144_210_191_193_180_315_185_179_418_251_164_174_159_167_166_392,10
144_210_191_193_180_315_185_179_418_251_164_174_159_167_166_392,10,144_210_191_193_180_315_185_179_418_251_164_174_159_167_166_392,10
144_210_191_193_180_315_185_179_418_251_164_174_159_167_166_392,10,144_210_191_193_180_315_185_179_418_251_164_174_159_167_166_392,10
144_210_191_193_180_315_185_179_418_251_164_174_159_167_166_392,11,144_210_191_193_180_315_185_179_418_251_164_174_159_167_166_392,11
144_210_191_193_180_315_185_179_418_251_164_174_159_167_166_392,11,144_210_191_193_180_315_185_179_418_251_164_174_159_167_166_392,11
176_177_189_191_193_180_315_185_179_418_251_164_174_159_167_166_392,10,176_177_189_191_193_180_315_185_179_418_251_164_174_159_167_166_392,10
198_196_195_180_315_185_179_418_251_164_174_159_167_166_392,10,198_196_195_180_315_185_179_418_251_164_174_159_167_166_392,10
200_208_145_146_148_227_151_152_153_155_164_174_159_167_166_392,12,200_208_145_146_148_227_151_152_153_155_164_174_159_167_166_392,12
206_196_195_180_315_185_179_418_251_164_174_159_167_166_392,10,206_196_195_180_315_185_179_418_251_164_174_159_167_166_392,10
206_196_195_180_315_185_179_418_251_164_174_159_167_166_392,11,206_196_195_180_315_185_179_418_251_164_174_159_167_166_392,11
206_196_195_180_315_185_179_418_251_164_174_159_167_166_392,12,206_196_195_180_315_185_179_418_251_164_174_159_167_166_392,12
206_196_195_180_315_185_179_418_251_164_174_159_167_166_392,12,206_196_195_180_315_185_179_418_251_164_174_159_167_166_392,12
206_196_195_180_315_185_179_418_251_164_174_159_167_166_392,13,206_196_195_180_315_185_179_418_251_164_174_159_167_166_392,13
206_196_195_180_315_185_179_418_251_164_174_159_167_166_392,13,206_196_195_180_315_185_179_418_251_164_174_159_167_166_392,13
206_196_195_180_315_185_179_418_251_164_174_159_167_166_392,13,206_196_195_180_315_185_179_418_251_164_174_159_167_166_392,13
236_376_231_198_196_195_180_315_185_179_418_251_164_174_159_167_166_392,10,236_376_231_198_196_195_180_315_185_179_418_251_164_174_159_167_166_392,10
236_376_231_198_196_195_180_315_185_179_418_251_164_174_159_167_166_392,10,236_376_231_198_196_195_180_315_185_179_418_251_164_174_159_167_166_392,10
238_400_287_200_208_145_146_148_227_151_152_153_155_164_174_159_167_166_392,11,238_400_287_200_208_145_146_148_227_151_152_153_155_164_174_159_167_166_392,11
245_238_400_287_200_208_145_146_148_227_151_152_153_155_164_174_159_167_166_392,10,245_238_400_287_200_208_145_146_148_227_151_152_153_155_164_174_159_167_166_392,10
248_30_236_376_231_198_196_195_180_315_185_179_418_251_164_174_159_167_166_392,10,248_30_236_376_231_198_196_195_180_315_185_179_418_251_164_174_159_167_166_392,10
248_30_236_376_231_198_196_195_180_315_185_179_418_251_164_174_159_167_166_392,10,248_30_236_376_231_198_196_195_180_315_185_179_418_251_164_174_159_167_166_392,10
248_30_236_376_231_198_196_195_180_315_185_179_418_251_164_174_159_167_166_392,10,248_30_236_376_231_198_196_195_180_315_185_179_418_251_164_174_159_167_166_392,10
248_30_236_376_231_198_196_195_180_315_185_179_418_251_164_174_159_167_166_392,10,248_30_236_376_231_198_196_195_180_315_185_179_418_251_164_174_159_167_166_392,10
283_21_85_314_347_83_77_75_310_236_376_231_198_196_195_180_315_185_179_418_251_164_174_159_167_166_392,10,283_21_85_314_347_83_77_75_310_236_376_231_198_196_195_180_315_185_179_418_251_164_174_159_167_166_392,10
300_198_196_195_180_315_185_179_418_251_164_174_159_167_166_392,10,300_198_196_195_180_315_185_179_418_251_164_174_159_167_166_392,10
300_198_196_195_180_315_185_179_418_251_164_174_159_167_166_392,12,300_198_196_195_180_315_185_179_418_251_164_174_159_167_166_392,12
310_236_376_231_198_196_195_180_315_185_179_418_251_164_174_159_167_166_392,10,310_236_376_231_198_196_195_180_315_185_179_418_251_164_174_159_167_166_392,10
323_28_143_65_27_72_409_366_351_248_30_236_376_231_198_196_195_180_315_185_179_418_251_164_174_159_167_166_392,11,323_28_143_65_27_72_409_366_351_248_30_236_376_231_198_196_195_180_315_185_179_418_251_164_174_159_167_166_392,11
324_326_280_397_385_91_85_314_347_83_77_75_310_236_376_231_198_196_195_180_315_185_179_418_251_164_174_159_167_166_392,10,324_326_280_397_385_91_85_314_347_83_77_75_310_236_376_231_198_196_195_180_315_185_179_418_251_164_174_159_167_166_392,10
324_326_280_397_385_91_85_314_347_83_77_75_310_236_376_231_198_196_195_180_315_185_179_418_251_164_174_159_167_166_392,11,324_326_280_397_385_91_85_314_347_83_77_75_310_236_376_231_198_196_195_180_315_185_179_418_251_164_174_159_167_166_392,11
324_326_280_397_385_91_85_314_347_83_77_75_310_236_376_231_198_196_195_180_315_185_179_418_251_164_174_159_167_166_392,12,324_326_280_397_385_91_85_314_347_83_77_75_310_236_376_231_198_196_195_180_315_185_179_418_251_164_174_159_167_166_392,12
324_326_280_397_385_91_85_314_347_83_77_75_310_236_376_231_198_196_195_180_315_185_179_418_251_164_174_159_167_166_392,12,324_326_280_397_385_91_85_314_347_83_77_75_310_236_376_231_198_196_195_180_315_185_179_418_251_164_174_159_167_166_392,12
324_326_280_397_385_91_85_314_347_83_77_75_310_236_376_231_198_196_195_180_315_185_179_418_251_164_174_159_167_166_392,12,324_326_280_397_385_91_85_314_347_83_77_75_310_236_376_231_198_196_195_180_315_185_179_418_251_164_174_159_167_166_392,12
326_280_397_385_91_85_314_347_83_77_75_310_236_376_231_198_196_195_180_315_185_179_418_251_164_174_159_167_166_392,10,326_280_397_385_91_85_314_347_83_77_75_310_236_376_231_198_196_195_180_315_185_179_418_251_164_174_159_167_166_392,10
331_52_360_0_366_351_248_30_236_376_231_198_196_195_180_315_185_179_418_251_164_174_159_167_166_392,10,331_52_360_0_366_351_248_30_236_376_231_198_196_195_180_315_185_179_418_251_164_174_159_167_166_392,10
331_52_360_0_366_351_248_30_236_376_231_198_196_195_180_315_185_179_418_251_164_174_159_167_166_392,10,331_52_360_0_366_351_248_30_236_376_231_198_196_195_180_315_185_179_418_251_164_174_159_167_166_392,10
331_52_360_0_366_351_248_30_236_376_231_198_196_195_180_315_185_179_418_251_164_174_159_167_166_392,11,331_52_360_0_366_351_248_30_236_376_231_198_196_195_180_315_185_179_418_251_164_174_159_167_166_392,11
331_52_360_0_366_351_248_30_236_376_231_198_196_195_180_315_185_179_418_251_164_174_159_167_166_392,12,331_52_360_0_366_351_248_30_236_376_231_198_196_195_180_315_185_179_418_251_164_174_159_167_166_392,12
336_231_198_196_195_180_315_185_179_418_251_164_174_159_167_166_392,11,336_231_198_196_195_180_315_185_179_418_251_164_174_159_167_166_392,11
351_248_30_236_376_231_198_196_195_180_315_185_179_418_251_164_174_159_167_166_392,10,351_248_30_236_376_231_198_196_195_180_315_185_179_418_251_164_174_159_167_166_392,10
366_351_248_30_236_376_231_198_196_195_180_315_185_179_418_251_164_174_159_167_166_392,10,366_351_248_30_236_376_231_198_196_195_180_315_185_179_418_251_164_174_159_167_166_392,10
367_400_287_200_208_145_146_148_227_151_152_153_155_164_174_159_167_166_392,12,367_400_287_200_208_145_146_148_227_151_152_153_155_164_174_159_167_166_392,12
367_400_287_200_208_145_146_148_227_151_152_153_155_164_174_159_167_166_392,13,367_400_287_200_208_145_146_148_227_151_152_153_155_164_174_159_167_166_392,13
367_400_287_200_208_145_146_148_227_151_152_153_155_164_174_159_167_166_392,13,367_400_287_200_208_145_146_148_227_151_152_153_155_164_174_159_167_166_392,13
376_231_198_196_195_180_315_185_179_418_251_164_174_159_167_166_392,10,376_231_198_196_195_180_315_185_179_418_251_164_174_159_167_166_392,10
390_344_168_374_156_157_176_177_189_191_193_180_315_185_179_418_251_164_174_159_167_166_392,10,390_344_168_374_155_164_174_159_167_166_392,10
390_344_168_374_156_157_176_177_189_191_193_180_315_185_179_418_251_164_174_159_167_166_392,10,390_344_168_374_155_164_174_159_167_166_392,10
393_95_376_231_198_196_195_180_315_185_179_418_251_164_174_159_167_166_392,12,393_94_310_236_376_231_198_196_195_180_315_185_179_418_251_164_174_159_167_166_392,12
395_7_340_27_72_409_366_351_248_30_236_376_231_198_196_195_180_315_185_179_418_251_164_174_159_167_166_392,11,395_7_340_27_72_409_366_351_248_30_236_376_231_198_196_195_180_315_185_179_418_251_164_174_159_167_166_392,11
395_7_340_27_72_409_366_351_248_30_236_376_231_198_196_195_180_315_185_179_418_251_164_174_159_167_166_392,12,395_7_340_27_72_409_366_351_248_30_236_376_231_198_196_195_180_315_185_179_418_251_164_174_159_167_166_392,12
400_287_200_208_145_146_148_227_151_152_153_155_164_174_159_167_166_392,10,400_287_200_208_145_146_148_227_151_152_153_155_164_174_159_167_166_392,10
400_287_200_208_145_146_148_227_151_152_153_155_164_174_159_167_166_392,10,400_287_200_208_145_146_148_227_151_152_153_155_164_174_159_167_166_392,10
400_287_200_208_145_146_148_227_151_152_153_155_164_174_159_167_166_392,10,400_287_200_208_145_146_148_227_151_152_153_155_164_174_159_167_166_392,10
400_287_200_208_145_146_148_227_151_152_153_155_164_174_159_167_166_392,10,400_287_200_208_145_146_148_227_151_152_153_155_164_174_159_167_166_392,10
400_287_200_208_145_146_148_227_151_152_153_155_164_174_159_167_166_392,12,400_287_200_208_145_146_148_227_151_152_153_155_164_174_159_167_166_392,12
404_55_132_134_52_360_0_366_351_248_30_236_376_231_198_196_195_180_315_185_179_418_251_164_174_159_167_166_392,12,404_55_132_134_52_360_0_366_351_248_30_236_376_231_198_196_195_180_315_185_179_418_251_164_174_159_167_166_392,12
374_156_157_176_177_189_190_211_202_235_246_34_33_31_357_40_50_20_23_73_21_84_81_117_302_388_387_403_398,10,374_156_157_176_177_189_190_211_202_235_246_34_33_31_357_40_50_19_24_349_313_79_81_117_301_382_275_273_372_306_0_365_362_358_380_377_42_47_355_19_24_349_313_79_81_117_301_382_275_273_372,10
324_326_280_397_385_91_85_314_347_83_77_75_310_237_233_235_245_238_399,11,324_326_280_397_385_90_88_0_366_351_248_30_237_233_235_245_239_240_0_366_351_248_30_237_233_235_245_239_240_0_366_351_248_30_237_233_235_245_239_240_0_366_351_248_30_237_233_235_245_239_240,11
324_326_280_397_385_91_85_314_347_83_77_75_310_237_233_235_245_238_399,12,324_326_280_397_385_90_88_0_365_361_352_1_127_409_366_351_248_30_237_233_235_245_239_240_0_365_361_352_1_127_409_366_351_248_30_237_233_235_245_239_240_0_365_361_352_1_127_409_366_351_248,12
324_326_280_397_385_91_85_314_347_83_77_75_310_237_233_235_245_238_399,13,324_326_280_397_385_90_88_0_366_351_248_30_237_233_235_245_239_240_0_366_351_248_30_237_233_235_245_239_240_0_366_351_248_30_237_233_235_245_239_240_0_366_351_248_30_237_233_235_245_239_240,13
324_326_280_397_385_91_85_314_347_83_77_75_310_237_233_235_245_238_400,12,324_326_280_397_385_91_85_314_347_83_77_75_310_237_233_235_245_239_240_0_366_351_248_30_237_233_235_245_239_240_0_366_351_248_30_237_233_235_245_239_240_0_366_351_248_30_237_233_235_245_239,12
324_326_280_397_385_91_85_314_347_83_77_75_310_236_376_231_198_196_195_180_315_185_179_418_251_163_258_162_415,11,324_326_280_397_385_90_88_0_366_351_248_30_236_376_231_198_196_195_180_315_185_179_418_251_163_258_162_415,11
324_326_280_397_385_91_85_314_347_83_77_75_310_236_376_231_198_196_195_180_315_185_179_418_251_163_258_162_415,11,324_326_280_397_385_90_88_0_366_351_248_30_236_376_231_198_196_195_180_315_185_179_418_251_163_258_162_415,11
15_34_33_30_236_376_231_198_196_195_180_315_185_179_417,10,15_34_33_30_236_376_231_198_196_195_180_315_185_179_417,10
283_21_85_314_347_83_77_75_310_236_376_231_198_196_195_180_315_185_179_417,13,283_21_85_314_347_83_77_75_310_236_376_231_198_196_195_180_315_185_179_418_251_164_174_159_167_166_391_0_366_351_248_30_236_376_231_198_196_195_180_315_185_179_418_251_164_174_159_167_166_391_0,13
324_326_280_397_385_91_85_314_347_83_77_75_310_236_376_231_198_196_195_180_315_185_179_417,11,324_326_280_397_385_90_88_0_366_351_248_30_236_376_231_198_196_195_180_315_185_179_418_251_163_259_256_255_159_167_166_391_0_366_351_248_30_236_376_231_198_196_195_180_315_185_179_418_251_163_259,11
324_326_280_397_385_91_85_314_347_83_77_75_310_236_376_231_198_196_195_180_315_185_179_417,13,324_326_280_397_385_90_88_0_366_351_248_30_236_376_231_198_196_195_180_315_185_179_418_251_164_174_159_167_166_391_0_366_351_248_30_236_376_231_198_196_195_180_315_185_179_418_251_164_174_159_167,13
324_326_280_397_385_91_85_314_347_83_77_75_310_236_376_231_198_196_195_180_315_185_179_417,13,324_326_280_397_385_90_88_0_366_351_248_30_236_376_231_198_196_195_180_315_185_179_418_251_164_174_159_167_166_391_0_366_351_248_30_236_376_231_198_196_195_180_315_185_179_418_251_164_174_159_167,13
324_326_280_397_385_91_85_314_347_83_77_75_310_236_376_231_198_196_195_180_315_185_179_417,13,324_326_280_397_385_90_88_0_366_351_248_30_236_376_231_198_196_195_180_315_185_179_418_251_164_174_159_167_166_391_0_366_351_248_30_236_376_231_198_196_195_180_315_185_179_418_251_164_174_159_167,13
